ticker,alpha,MERCADO,VALUE,TAMANO,MOMENTUM,VOLATILIDAD,LIQUIDEZ,r2,n_obs,suma_beta
AAPL,0.015487382544736684,0.17083944152595754,0.20095520347789722,0.15743286175400917,0.14975529543879457,0.2644301531584202,0.0565870446449214,-11.66885879446173,50,1.0
ABBV,0.04033449038960224,0.0790284482421788,0.10813605890633887,0.10416339679655955,0.2305144221303747,0.37122354408915303,0.10693412983539495,-5.543302232869149,24,0.9999999999999999
ABT,0.010355634458085674,0.16445760955620115,0.18660680673392166,0.16666740942707584,0.1506878112427858,0.26812075471343266,0.06345960832658287,-29.548470951850135,50,1.0
ACN,0.013734658065829191,0.1729492117313488,0.20465609836253076,0.16602891119703994,0.14118498640563754,0.2534465220221458,0.06173427028129719,-15.852731297003146,49,1.0
ADBE,,,,,,,,,1,
ADI,,,,,,,,,0,
ADP,,,,,,,,,12,
AFL,,,,,,,,,1,
AIG,0.05026279012641467,0.16735220141076068,0.1771048639981501,0.1864530407245135,0.10631808858384995,0.2173712028776002,0.14540060240512553,-8.731276196015788,37,1.0
AMAT,,,,,,,,,0,
AMD,,,,,,,,,0,
AMGN,0.016323559031388,0.1563628805578674,0.2007157420192507,0.16856170795118366,0.15252308133388254,0.27013578451571374,0.051700803622102026,-19.000013832482374,50,1.0
AMT,,,,,,,,,0,
AMZN,0.01045255853889631,0.17228652159070512,0.1747357232343807,0.18835728504028637,0.15023541035170723,0.2608204419701868,0.053564617812733945,-10.115283387940128,50,1.0000000000000002
ANET,,,,,,,,,0,
APA,-0.02530356958914723,0.23781427093626195,0.22897402220553445,0.15821028031703643,0.15396739390079509,0.22849862212980449,-0.00746458948943243,-3.751841503303681,25,0.9999999999999999
APD,,,,,,,,,0,
APH,,,,,,,,,0,
APP,,,,,,,,,0,
AVGO,,,,,,,,,0,
AXP,0.008747212239275392,0.17009171003509393,0.19249089731730046,0.17601468712773263,0.14214474667880292,0.2598554656025499,0.05940249323852012,-16.330837322721703,50,1.0
BA,0.015946901885703302,0.16351423344981542,0.17668958946676383,0.173578404478527,0.14624864445552083,0.2588125772554465,0.08115655089392643,-16.262498551913183,50,1.0
BAC,0.007398153495152784,0.17885122664609598,0.2289682449889552,0.15696228434759507,0.16103320972411733,0.22276751760126606,0.05141751669197038,-4.436301838578441,50,1.0
BAX,-0.012368202472232831,0.1539316117101639,0.23362677005976554,0.16707224495814654,0.12287000611535283,0.2740296783597947,0.04846968879677664,-18.40760099015965,37,1.0
BDX,,,,,,,,,0,
BIIB,0.06566802660332416,0.15391233861558695,0.14920542511151602,0.20049651122245424,0.15699400530516092,0.1906969198479415,0.14869479989734033,-6.947643977458615,37,1.0
BKNG,0.04976837724068789,0.19277843445240028,0.1425113864484569,0.19582401034687227,0.13840145637791984,0.17894586957224826,0.15153884280210236,-4.484392380155723,37,1.0
BLK,,,,,,,,,0,
BMY,0.01478043838062772,0.1613694401516752,0.1812881015121319,0.1743075038885961,0.1480312560686573,0.27614564426380317,0.058858054115136324,-15.92632124289926,50,1.0
BNY,-0.024773391194267955,0.18862601022281544,0.1956831080787088,0.09713472520088588,0.2196422226518518,0.2618164003631085,0.0370975334826296,-9.658308165807833,26,1.0
BRK-B,0.007563650487125313,0.15613498497577138,0.19313427406475375,0.1683612360266306,0.13946792578412168,0.26559977792032374,0.07730180122839875,-34.72653111769856,50,1.0
BSX,,,,,,,,,0,
BX,,,,,,,,,0,
C,0.0011303824229548778,0.18421346922731563,0.22053013178031453,0.16237317258017112,0.14463765820072186,0.23107836095760886,0.057167207253867994,-5.582727149277636,50,1.0
CAT,-0.0036630770538496706,0.1662970244328119,0.21398791045722915,0.17220254875403446,0.12475607354900975,0.24313082824975044,0.07962561455716434,-6.887912178589243,49,1.0
CB,,,,,,,,,0,
CCI,,,,,,,,,0,
CHTR,,,,,,,,,0,
CI,,,,,,,,,0,
CL,0.007559098866279186,0.15514142391897412,0.1863753829942421,0.16949611700518052,0.1351928750824937,0.28038296491867587,0.07341123608043366,-41.87087077963726,50,0.9999999999999999
CMCSA,0.0180351804689006,0.1634852266632716,0.1967833698452566,0.16282968018211516,0.1419663424396668,0.25653508325803764,0.07840029761165229,-17.155345016824878,50,1.0
CME,,,,,,,,,0,
COF,0.04016884040204338,0.17040165406311114,0.18817032044949644,0.17363363047964733,0.12174065925160739,0.21664439364424878,0.1294093421118889,-11.74689850711034,36,1.0
COP,0.007254086332192922,0.14496494881288458,0.21273013194655924,0.15873782931440658,0.1605213348666728,0.24754424760409902,0.07550150745537773,-13.419379484323224,50,1.0
COST,0.011750139751348896,0.16015655900217485,0.18358685414272174,0.16893121974457886,0.13837184389004137,0.2763316173586419,0.0726219058618413,-37.80348472044926,50,0.9999999999999999
CRM,,,,,,,,,1,
CRWD,,,,,,,,,0,
CSCO,0.006025881668130455,0.16041606307625134,0.2079072976297245,0.17924401464965778,0.1320854298590145,0.2537605845459523,0.06658661023939956,-10.503220032696895,50,1.0
CSX,,,,,,,,,0,
CVS,0.018986649606973438,0.1622917345970718,0.19885356267637902,0.1646346031887256,0.14493629946376405,0.2658861724511076,0.063397627622952,-20.461716269476327,50,1.0
CVX,0.003512509166773854,0.15725964223456135,0.20925024803454298,0.15728294343695262,0.14946044768408573,0.2547591458724152,0.07198757273744216,-15.467477008438337,50,1.0
D,0.0012939593458110234,0.1257520112457824,0.2153475840242462,0.17618921310293295,0.1390365019414492,0.27351052164419615,0.07016416804139314,-47.34262653626262,38,1.0
DD,0.01078688906755312,0.1579002049935262,0.21040691092888003,0.17122290747292968,0.15537909157420596,0.22875429594787516,0.07633658908258303,-8.451224463988195,50,1.0000000000000002
DE,-0.008592653649317106,0.21817679501828435,0.2374934018662977,0.16535587573375257,0.16214028597011096,0.23313872642971523,-0.01630508501816084,-5.423773862667472,25,1.0000000000000002
DELL,,,,,,,,,0,
DHR,0.012970780996781077,0.16945004049669155,0.19084886674590024,0.17282495536511294,0.1350929322172591,0.25482434959553807,0.07695885557949812,-19.36847651373872,49,0.9999999999999999
DIS,0.01631994322224258,0.17206015978278888,0.18939946890025572,0.15715198321004362,0.15467706223888916,0.2517211603736627,0.07499016549435984,-15.253438089287371,50,1.0
DUK,0.011617944002173681,0.14545890830274155,0.19605574436754333,0.16730199106638358,0.13642843494269874,0.28180708880827415,0.07294783251235867,-38.114270490556414,49,1.0
DVN,,,,,,,,,13,
EBAY,0.0026396178207151407,0.16970398084657734,0.19749746644113264,0.1595650391629472,0.15828301086727314,0.25471867345055677,0.06023182923151292,-14.05461771384686,49,1.0
ELV,,,,,,,,,12,
EMR,-0.0034794828255072627,0.1631953050927739,0.19809180333356358,0.17483194328398308,0.13231217487080663,0.2530336847064341,0.07853508871243879,-12.688107086763333,49,1.0
EOG,0.045003679087427834,0.0181581512615977,0.13094441953163083,0.17602767207314518,0.23795953750165072,0.331737336955023,0.10517288267695261,-5.249374107629463,24,0.9999999999999999
EQIX,,,,,,,,,0,
ETN,,,,,,,,,0,
EXC,-0.03236432360078972,0.21949224395999356,0.2267361260928429,0.1528026626781732,0.14754781389942148,0.27330429609989093,-0.019883142730322156,-24.121951179638778,25,1.0
F,-0.0016187049914609345,0.15489253535107728,0.21857662150809426,0.18355031915584752,0.14461167130346828,0.24172736852517862,0.05664148415633409,-7.954343093423395,50,1.0000000000000002
FCX,-0.01918749623996591,0.21922361985280303,0.2539317541191867,0.1756888599455819,0.16662225227279348,0.20320460494802267,-0.01867109113838783,-1.3519653491808938,25,1.0
FDX,,,,,,,,,1,
FIS,,,,,,,,,0,
FISV,,,,,,,,,0,
GD,,,,,,,,,2,
GE,0.006188076380370156,0.17847710052629384,0.19625981565811912,0.15106545401991425,0.14241482312064244,0.2611495483452241,0.07063325832980624,-14.254697290338724,50,1.0
GEV,,,,,,,,,0,
GILD,0.03203954964484928,0.16328809658580068,0.1973769232923436,0.18674780464801077,0.16895473157027713,0.24423216651323057,0.03940027739033737,-10.310589534986313,50,1.0000000000000002
GIS,,,,,,,,,12,
GLW,,,,,,,,,1,
GM,,,,,,,,,1,
GOOGL,0.010343218522198373,0.16092227889634536,0.201449047133958,0.15220715812539137,0.17480462775498162,0.24394030999023156,0.06667657809909215,-13.356338296309334,50,1.0
GS,0.0010802268901089864,0.1772387782928303,0.21456295140453446,0.17161043633671294,0.14274538916245363,0.2363284548211142,0.0575139899823545,-7.963051255008068,50,1.0
HAL,-0.0030130478717381704,0.1600234028618185,0.2231412866079791,0.16266309356326375,0.16070962149169918,0.22512395572326285,0.06833863975197667,-4.402157772987043,49,1.0
HD,0.022486596354518284,0.1633114974330393,0.19951858538653647,0.16282919345203967,0.1501694036973853,0.25703487369283673,0.06713644633816254,-19.69233007996444,50,1.0
HON,0.01287463467511081,0.16065187622689636,0.1945982168802785,0.17592466818101182,0.14517706429199428,0.2487806201322629,0.07486755428755625,-19.85374090627486,50,1.0000000000000002
HOOD,,,,,,,,,0,
HPQ,-0.0015499772570722323,0.18043665914692775,0.19696830602527615,0.17536735830470154,0.14699747081526043,0.2430017241557255,0.057228481552108544,-4.4993888893331695,50,1.0
IBM,-0.0021579915583140826,0.1499838795800592,0.21198569108460988,0.16804366873878582,0.15107672359323243,0.2609177713031712,0.05799226570014143,-24.58568844426175,50,1.0
INTC,0.0074613757986527725,0.16071273954849385,0.1993400263257442,0.17024089033338158,0.12807676676499222,0.27010500428027845,0.07152457274710976,-13.914652458936875,50,1.0
INTU,,,,,,,,,0,
ISRG,,,,,,,,,0,
ITW,,,,,,,,,1,
JNJ,0.006600861067509498,0.15627969658499663,0.19115682459154523,0.1680895203939107,0.13502190246737122,0.2776464629937426,0.07180559296843361,-32.08748365097208,50,1.0
JPM,0.0076581375317195,0.17919147209977382,0.21540471260906646,0.15625965442504317,0.1506624513686891,0.23636713858209013,0.06211457091533736,-7.229439027638817,50,1.0
KHC,,,,,,,,,0,
KLAC,,,,,,,,,0,
KMB,-0.007846730746507474,0.1545078226376032,0.21862111989850644,0.15829077837184938,0.12570359001893247,0.2884169381564788,0.05445975091662967,-27.445716984873965,37,0.9999999999999999
KMI,,,,,,,,,1,
KO,0.0011911892680198518,0.15903947845030375,0.1895107329680957,0.16016191380674977,0.1392305752142717,0.2811407218487792,0.07091657771179993,-30.311888237170646,50,1.0
LIN,-0.011819209310019065,0.14018993477102648,0.235477479019969,0.16538048039681436,0.1412395334186475,0.25855555793818225,0.05915701445536036,-31.44840379066889,37,1.0
LLY,0.012576676210678484,0.14747468764643756,0.20096768034374626,0.16768090684426176,0.15838101920359293,0.26812579540371856,0.05736991055824288,-37.90662676819817,50,0.9999999999999999
LMT,,,,,,,,,13,
LOW,0.020974947316616765,0.1680879507382087,0.19077981363249416,0.17483961249990068,0.1486290602657527,0.2508285991869848,0.06683496367665892,-11.375907138899022,50,1.0
LRCX,,,,,,,,,0,
LYB,,,,,,,,,12,
MA,0.026395729108022414,0.1673492300074062,0.1904000330081165,0.1645553360632197,0.14208203758717702,0.2664763206860712,0.06913704264800935,-15.278437473257465,49,1.0
MCD,0.000834285006064417,0.14682496239696896,0.1911024509892774,0.17370695551060666,0.1342938724634887,0.2776296866526451,0.07644207198701324,-48.09675445542201,50,1.0
MCK,,,,,,,,,13,
MDLZ,0.006563162205187985,0.17097430666394875,0.18469303359958814,0.17252166778405315,0.13095903277913423,0.2795331537609875,0.061318805412288305,-21.89495300606991,50,0.9999999999999999
MDT,0.012002714311384537,0.1708260478144361,0.1868276959652193,0.1697578240933285,0.140701643097508,0.2651253445149982,0.06676144451450994,-20.175773834579687,50,1.0
MET,0.005135636861900848,0.18321029261204613,0.2099187250323447,0.1646261604989277,0.13343660302165253,0.23680578111013767,0.07200243772489122,-5.5551087913664015,50,0.9999999999999999
META,,,,,,,,,13,
MMM,0.011787846438712177,0.1675532090553209,0.18400642986907398,0.17251670233128233,0.14160976587532292,0.25747722248735755,0.07683667038164231,-22.000077044120143,50,1.0
MO,0.01572159302682083,0.15517099141986468,0.1789939949875161,0.16673960242898825,0.1359429608847871,0.2812041650592571,0.0819482852195868,-25.286786858285108,50,1.0
MPC,,,,,,,,,0,
MRK,0.010272380852782637,0.14506135002830578,0.2000723794398507,0.16684986718633496,0.1468271631323924,0.2675645449423035,0.07362469527081256,-23.95415005437994,50,1.0
MRNA,,,,,,,,,0,
MRSH,,,,,,,,,0,
MRVL,,,,,,,,,0,
MS,0.04831711825784899,0.11065095934420222,0.14957226840849136,0.1255326497181517,0.21105959128204888,0.27104679969957957,0.13213773154752625,-5.296558464614789,26,1.0
MSFT,0.007669482040736058,0.15070719935051513,0.21723532705280008,0.1623217884790023,0.14009474343982437,0.2596594344099994,0.06998150726785865,-18.77092371407026,50,1.0
MU,,,,,,,,,0,
NEE,,,,,,,,,1,
NEM,,,,,,,,,13,
NFLX,,,,,,,,,1,
NKE,0.013539219460937703,0.1631448612787877,0.1771634467763656,0.17902591879723384,0.13461470111681556,0.26900804631164926,0.077043025719148,-14.262790148341029,50,1.0
NOC,,,,,,,,,0,
NOV,,,,,,,,,12,
NOW,,,,,,,,,0,
NVDA,,,,,,,,,0,
ORCL,0.007591963564101375,0.15950879335132417,0.2006166992571722,0.17666115000583135,0.13127923145636602,0.2552158191924791,0.07671830673682709,-11.083448127289257,50,1.0
OXY,0.0030130069050091925,0.15924456430160783,0.20069145082955492,0.17044687865789743,0.1429419939140327,0.23426072207166562,0.0924143902252416,-5.513373558201465,50,1.0000000000000002
PANW,,,,,,,,,0,
PEP,0.004368095880910365,0.1502348635251478,0.19021623696984388,0.1699329575707978,0.13778105128398685,0.2787134065111755,0.07312148413904822,-42.80970964266188,50,1.0
PFE,0.011243845445054872,0.1610481566778481,0.18730143222749582,0.16716781069197986,0.14418030656552522,0.2671800582260325,0.07312223561111851,-27.40175200176295,50,1.0
PG,0.0026254497009428066,0.15864726085271086,0.19589588256894658,0.16266409698602935,0.1353822877790284,0.27932785217073564,0.0680826196425491,-32.204297984675996,50,1.0
PGR,,,,,,,,,0,
PH,,,,,,,,,0,
PLD,,,,,,,,,0,
PLTR,,,,,,,,,0,
PM,0.005736419395913112,0.16802147599072115,0.1835817649880801,0.16177358836315686,0.14017564489372664,0.26957263452859015,0.07687489123572513,-15.835496020420265,50,0.9999999999999999
PNC,0.0070332730404776,0.15550675532613933,0.20549958243482844,0.1687030701556225,0.14588994806483505,0.2561402460044906,0.06826039801408415,-19.028980655147823,50,1.0
PRU,,,,,,,,,13,
PSX,0.030920235741991917,0.08879142220583369,0.13962735854368222,0.1354054682552693,0.22109486370548642,0.3117939041336058,0.10328698315612256,-5.423121815701453,24,1.0
PYPL,,,,,,,,,0,
QCOM,0.003692078631394636,0.16462897628627626,0.19237387381441584,0.16935891974278192,0.14109123967607876,0.25974635838862337,0.07280063209182389,-15.05974283605332,50,1.0
REGN,,,,,,,,,0,
RTX,0.007496790087199279,0.15838940959790682,0.19296372270189538,0.17929985972272172,0.1406334897522531,0.2539654939314914,0.07474802429373148,-20.39516382725089,50,1.0
SBUX,0.022534628485589292,0.15524669985915085,0.19825360237718279,0.17936662002810927,0.15303584031384584,0.25189101530693797,0.062206222114773196,-13.894911324922843,49,1.0
SCHW,,,,,,,,,0,
SLB,0.004326983733223204,0.15615908733619177,0.20285143258150581,0.17745464302205402,0.14961616990129034,0.23081709247396698,0.08310157468499102,-6.30604166896943,50,1.0
SNDK,,,,,,,,,0,
SO,-0.006274472015600307,0.11567302666407642,0.22240080374508311,0.17945977470114863,0.13721898423894652,0.2743753642252386,0.07087204642550662,-43.93015835344346,38,0.9999999999999998
SPG,0.014675582876934072,0.1538492086255745,0.187339703698908,0.17546088284539532,0.1397251361266877,0.2633457655140204,0.08027930318941405,-21.68120052738078,50,1.0
SPGI,,,,,,,,,0,
STX,,,,,,,,,0,
SYK,,,,,,,,,0,
T,0.004795452923081234,0.1426400187458573,0.19728833819803993,0.16469342573828702,0.13970086755581257,0.27632838899730217,0.07934896076470102,-28.60202986084497,50,1.0
TFC,,,,,,,,,0,
TGT,-0.008840407187176132,0.13271823234283686,0.23334482686806204,0.17324574104870216,0.14620125191049732,0.2576468101961008,0.05684313763380091,-17.528812453297988,38,1.0
TJX,0.05248294833580398,0.1264531434615025,0.1773615689425278,0.20879265207159803,0.08296385349146942,0.24157420127135237,0.1628545807615499,-14.191239470116145,25,1.0
TMO,,,,,,,,,13,
TMUS,,,,,,,,,0,
TRV,,,,,,,,,1,
TSLA,,,,,,,,,0,
TXN,0.009395902521067036,0.16935920567643703,0.18567021890378219,0.1826370092559517,0.12940099254191503,0.2591080678971503,0.07382450572476375,-15.642093611043073,50,1.0
UBER,,,,,,,,,0,
UNH,0.018763755368696344,0.15012691964652713,0.198275758073037,0.17367669671647262,0.15459095261999503,0.25969973234551996,0.06362994059844823,-18.016516540686478,50,1.0
UNP,0.019345982545138245,0.14192166566147235,0.20499882714522216,0.17287703861641668,0.14808384344689138,0.24914404840991927,0.08297457672007823,-20.35406347416816,50,1.0
UPS,0.00462353768290499,0.16338824533983842,0.188189375161121,0.16988120217048025,0.1337734580922642,0.26848026428056637,0.07628745495572976,-25.13635103732662,50,1.0
USB,0.008702636145530403,0.15270972572879815,0.20717856073279461,0.16169458386201568,0.15082266538246056,0.25816235321830533,0.06943211107562575,-29.42457985844607,50,1.0000000000000002
V,0.021291247934594214,0.1584709928894964,0.18251406807587053,0.17271229093533044,0.14942048240216488,0.26628202711570076,0.07060013858143711,-23.41899904970841,50,1.0000000000000002
VLO,,,,,,,,,0,
VRTX,,,,,,,,,0,
VZ,0.006241333975526929,0.143675139280787,0.19633189326819145,0.16062320000509603,0.15091119598056685,0.2741386052069122,0.07431996625844647,-25.246403601757642,50,0.9999999999999999
WDC,,,,,,,,,0,
WELL,,,,,,,,,0,
WFC,0.01035198165145585,0.15587109735393467,0.21174522136171087,0.15978292401927333,0.1516372979610067,0.25470067576847416,0.06626278353560036,-26.366696902094112,50,1.0000000000000002
WMT,0.005435624555133447,0.15078517896448063,0.1973949996388278,0.16243011537840174,0.13549978596869566,0.28087746441345707,0.073012455636137,-24.77554525797079,50,0.9999999999999999
XOM,0.0023895215761203653,0.15789296364155325,0.19969655044667942,0.1603099044191651,0.14602932777530495,0.2609971597456044,0.07507409397169286,-23.044624005144286,50,0.9999999999999999
ZTS,,,,,,,,,0,
