Year,Company,Ticker,Weight
2007,Exxon Mobil Corp,XOM,3.812
2007,General Electric Co,GE,3.146
2007,"AT&T, Inc",T,1.916
2007,Microsoft Corp,MSFT,1.765
2007,"Citigroup, Inc",C,1.723
2007,Bank of America Corp,BAC,1.65
2007,Procter & Gamble Co,PG,1.635
2007,"Cisco Systems, Inc",CSCO,1.496
2007,Chevron Corp,CVX,1.487
2007,Johnson & Johnson,JNJ,1.412
2007,"American International Group, Inc",AIG,1.298
2007,"Pfizer, Inc",PFE,1.256
2007,International Business Machines Corp,IBM,1.188
2007,JPMorgan Chase & Co,JPM,1.157
2007,Intel Corp,INTC,1.121
2007,"Altria Group, Inc",MO,1.086
2007,ConocoPhillips,COP,1.06
2007,"Apple, Inc",AAPL,0.991
2007,"Google, Inc (Class A)",GOOGL,0.971
2007,Hewlett-Packard Co,HPQ,0.953
2007,"Verizon Communications, Inc",VZ,0.949
2007,"Schlumberger, Ltd",SLB,0.929
2007,Wells Fargo & Co,WFC,0.882
2007,"PepsiCo, Inc",PEP,0.882
2007,Coca-Cola Co,KO,0.853
2007,"Merck & Co, Inc",MRK,0.835
2007,"Wal-Mart Stores, Inc",WMT,0.782
2007,Wachovia Corp,WFC,0.708
2007,"Goldman Sachs Group, Inc",GS,0.657
2007,Oracle Corp,ORCL,0.637
2007,Abbott Laboratories,ABT,0.615
2007,Boeing Co,BA,0.609
2007,"United Parcel Service, Inc (Class B)",UPS,0.591
2007,United Technologies Corp,UAL,0.59
2007,Comcast Corp (Class A),CMCSA,0.555
2007,American Express Co,AXP,0.52
2007,"QUALCOMM, Inc",QCOM,0.52
2007,"Time Warner, Inc",WBD,0.513
2007,Walt Disney Co,DIS,0.504
2007,3M Co,MMM,0.502
2007,Morgan Stanley,MS,0.49
2007,"UnitedHealth Group, Inc",UNH,0.482
2007,"Medtronic, Inc",MDT,0.48
2007,McDonald's Corp,MCD,0.48
2007,"Dell, Inc",DELL,0.463
2007,"Merrill Lynch & Co, Inc",BAC,0.46
2007,"Amgen, Inc",AMGN,0.454
2007,Wyeth,PFE,0.442
2007,Fannie Mae,FNMA,0.437
2007,CVS Caremark Corp,CVS,0.436
2007,US Bancorp,USB,0.422
2007,Bristol-Myers Squibb Co,BMY,0.417
2007,Eli Lilly & Co,LLY,0.414
2007,"Kraft Foods, Inc (Class A)",KHC,0.414
2007,Sprint Nextel Corp,TMUS,0.406
2007,"Home Depot, Inc",HD,0.401
2007,Target Corp,TGT,0.401
2007,Occidental Petroleum Corp,OXY,0.393
2007,"Texas Instruments, Inc",TXN,0.387
2007,"MetLife, Inc",MET,0.386
2007,Schering-Plough Corp,MRK,0.379
2007,News Corp (Class A),NWS,0.377
2007,"Caterpillar, Inc",CAT,0.374
2007,Exelon Corp,EXC,0.374
2007,Bank of New York Mellon Corp,BK,0.368
2007,"WellPoint, Inc",ELV,0.357
2007,Walgreen Co,WBA,0.349
2007,Monsanto Co,BAYRY,0.344
2007,Du Pont (EI) de Nemours & Co,DD,0.337
2007,"Prudential Financial, Inc",PRU,0.336
2007,"Honeywell International, Inc",HON,0.331
2007,"eBay, Inc",EBAY,0.325
2007,EMC Corp,DELL,0.321
2007,"Motorola, Inc",MSI,0.315
2007,"Lowe's Cos, Inc",LOW,0.312
2007,Emerson Electric Co,EMR,0.312
2007,Dow Chemical Co,DOW,0.301
2007,Marathon Oil Corp,COP,0.292
2007,"Freeport-McMoRan Copper & Gold, Inc",FCX,0.29
2007,Freddie Mac,FMCC,0.287
2007,"Corning, Inc",GLW,0.286
2007,Lockheed Martin Corp,LMT,0.283
2007,"Anheuser-Busch Cos, Inc",BUD,0.281
2007,"Gilead Sciences, Inc",GILD,0.28
2007,Devon Energy Corp,DVN,0.272
2007,Valero Energy Corp,VLO,0.272
2007,"Baxter International, Inc",BAX,0.271
2007,Colgate-Palmolive Co,CL,0.269
2007,"Yahoo!, Inc",YHOO,0.267
2007,Halliburton Co,HAL,0.258
2007,General Dynamics Corp,GD,0.252
2007,"Travelers Cos, Inc",TRV,0.249
2007,Allstate Corp,ALL,0.249
2007,"Alcoa, Inc",AA,0.249
2007,Deere & Co,DE,0.247
2007,"Lehman Brothers Holdings, Inc",LEHKQ,0.243
2007,"Transocean, Inc",RIG,0.24
2007,"CME Group, Inc",CME,0.24
2007,FedEx Corp,FDX,0.238
2007,"Washington Mutual, Inc",JPM,0.232
2008,Exxon Mobil Corp,XOM,3.962
2008,General Electric Co,GE,2.492
2008,Procter & Gamble Co,PG,2.077
2008,Microsoft Corp,MSFT,2.059
2008,Johnson & Johnson,JNJ,1.902
2008,JPMorgan Chase & Co,JPM,1.69
2008,Chevron Corp,CVX,1.665
2008,"AT&T, Inc",T,1.617
2008,Bank of America Corp,BAC,1.569
2008,International Business Machines Corp,IBM,1.557
2008,"Wal-Mart Stores, Inc",WMT,1.319
2008,"Cisco Systems, Inc",CSCO,1.31
2008,"Pfizer, Inc",PFE,1.222
2008,Wells Fargo & Co,WFC,1.22
2008,Hewlett-Packard Co,HPQ,1.112
2008,"Citigroup, Inc",C,1.098
2008,"PepsiCo, Inc",PEP,1.097
2008,ConocoPhillips,COP,1.094
2008,Intel Corp,INTC,1.035
2008,Coca-Cola Co,KO,1.033
2008,"Apple, Inc",AAPL,0.99
2008,"Philip Morris International, Inc",PM,0.974
2008,"Google, Inc, (Class A)",GOOGL,0.94
2008,"Schlumberger, Ltd",SLB,0.92
2008,"Verizon Communications, Inc",VZ,0.898
2008,Abbott Laboratories,ABT,0.872
2008,Oracle Corp,ORCL,0.782
2008,"QUALCOMM, Inc",QCOM,0.693
2008,McDonald's Corp,MCD,0.682
2008,"Merck & Co, Inc",MRK,0.664
2008,"United Parcel Service, Inc (Class B)",UPS,0.623
2008,"Amgen, Inc",AMGN,0.616
2008,US Bancorp,USB,0.616
2008,United Technologies Corp,UAL,0.569
2008,Walt Disney Co,DIS,0.566
2008,Occidental Petroleum Corp,OXY,0.565
2008,Comcast Corp (Class A),CMCSA,0.563
2008,"Medtronic, Inc",MDT,0.555
2008,"Goldman Sachs Group, Inc",GS,0.546
2008,Monsanto Co,BAYRY,0.535
2008,"Kraft Foods, Inc (Class A)",KHC,0.488
2008,Wyeth,PFE,0.484
2008,CVS Caremark Corp,CVS,0.475
2008,3M Co,MMM,0.469
2008,"Time Warner, Inc",WBD,0.461
2008,"Anheuser-Busch Cos, Inc",BUD,0.459
2008,Eli Lilly & Co,LLY,0.433
2008,"Home Depot, Inc",HD,0.432
2008,Boeing Co,BA,0.417
2008,"Gilead Sciences, Inc",GILD,0.412
2008,Bristol-Myers Squibb Co,BMY,0.406
2008,"Baxter International, Inc",BAX,0.405
2008,Exelon Corp,EXC,0.405
2008,American Express Co,AXP,0.404
2008,"Altria Group, Inc",MO,0.401
2008,Devon Energy Corp,DVN,0.396
2008,"Merrill Lynch & Co, Inc",BAC,0.38
2008,"MetLife, Inc",MET,0.378
2008,Colgate-Palmolive Co,CL,0.374
2008,Bank of New York Mellon Corp,BK,0.367
2008,Target Corp,TGT,0.364
2008,Lockheed Martin Corp,LMT,0.359
2008,Du Pont (EI) de Nemours & Co,DD,0.358
2008,"Caterpillar, Inc",CAT,0.357
2008,Union Pacific Corp,UNP,0.356
2008,"Transocean, Inc",RIG,0.345
2008,Apache Corp,APA,0.343
2008,"Lowe's Cos, Inc",LOW,0.342
2008,Emerson Electric Co,EMR,0.311
2008,"Honeywell International, Inc",HON,0.304
2008,"UnitedHealth Group, Inc",UNH,0.304
2008,"Prudential Financial, Inc",PRU,0.302
2008,Walgreen Co,WBA,0.301
2008,Schering-Plough Corp,MRK,0.295
2008,Dow Chemical Co,DOW,0.289
2008,General Dynamics Corp,GD,0.288
2008,Southern Co,SO,0.286
2008,Celgene Corp,BMY,0.283
2008,"Dell, Inc",DELL,0.282
2008,Halliburton Co,HAL,0.28
2008,Costco Wholesale Corp,COST,0.278
2008,"Texas Instruments, Inc",TXN,0.277
2008,Marathon Oil Corp,COP,0.277
2008,"AFLAC, Inc",AFL,0.275
2008,News Corp (Class A),NWS,0.271
2008,"Covidien, Ltd",MDT,0.266
2008,Kimberly-Clark Corp,KMB,0.264
2008,"Travelers Cos, Inc",TRV,0.263
2008,"NIKE, Inc (Class B)",NKE,0.258
2008,Burlington Northern Santa Fe Corp,BRK.B,0.256
2008,"PNC Financial Services Group, Inc",PNC,0.254
2008,"XTO Energy, Inc",XOM,0.251
2008,Morgan Stanley,MS,0.25
2008,Allstate Corp,ALL,0.246
2008,Norfolk Southern Corp,NSC,0.244
2008,"Dominion Resources, Inc",D,0.244
2008,"CME Group, Inc",CME,0.243
2008,EMC Corp,DELL,0.243
2008,FedEx Corp,FDX,0.242
2008,"Corning, Inc",GLW,0.242
2009,Exxon Mobil Corp,XOM,3.532
2009,Microsoft Corp,MSFT,2.15
2009,General Electric Co,GE,1.869
2009,JPMorgan Chase & Co,JPM,1.846
2009,Procter & Gamble Co,PG,1.811
2009,Johnson & Johnson,JNJ,1.797
2009,"Apple, Inc",AAPL,1.779
2009,"AT&T, Inc",T,1.707
2009,International Business Machines Corp,IBM,1.679
2009,Bank of America Corp,BAC,1.568
2009,Chevron Corp,CVX,1.513
2009,"Cisco Systems, Inc",CSCO,1.454
2009,Wells Fargo & Co,WFC,1.41
2009,Coca-Cola Co,KO,1.333
2009,"Google, Inc (Class A)",GOOGL,1.278
2009,Hewlett-Packard Co,HPQ,1.199
2009,"Pfizer, Inc",PFE,1.196
2009,Intel Corp,INTC,1.173
2009,"Wal-Mart Stores, Inc",WMT,1.136
2009,"Philip Morris International, Inc",PM,1.01
2009,"Goldman Sachs Group, Inc",GS,1.009
2009,"PepsiCo, Inc",PEP,0.979
2009,"Verizon Communications, Inc",VZ,0.921
2009,Oracle Corp,ORCL,0.872
2009,Abbott Laboratories,ABT,0.819
2009,"QUALCOMM, Inc",QCOM,0.801
2009,"Schlumberger, Ltd",SLB,0.765
2009,ConocoPhillips,COP,0.717
2009,"Merck & Co, Inc",MRK,0.714
2009,Wyeth,PFE,0.695
2009,Occidental Petroleum Corp,OXY,0.681
2009,"Citigroup, Inc",C,0.676
2009,McDonald's Corp,MCD,0.667
2009,"Amgen, Inc",AMGN,0.655
2009,United Technologies Corp,UAL,0.614
2009,"United Parcel Service, Inc (Class B)",UPS,0.602
2009,CVS Caremark Corp,CVS,0.552
2009,3M Co,MMM,0.552
2009,The Walt Disney Co,DIS,0.547
2009,Comcast Corp (Class A),CMCSA,0.519
2009,Schering-Plough Corp,MRK,0.494
2009,"Home Depot, Inc",HD,0.486
2009,Bristol-Myers Squibb Co,BMY,0.478
2009,Monsanto Co,BAYRY,0.453
2009,"Gilead Sciences, Inc",GILD,0.451
2009,Morgan Stanley,MS,0.448
2009,US Bancorp,USB,0.448
2009,"Medtronic, Inc",MDT,0.436
2009,American Express Co,AXP,0.432
2009,Boeing Co,BA,0.421
2009,"Kraft Foods, Inc (Class A)",KHC,0.415
2009,Colgate-Palmolive Co,CL,0.407
2009,Walgreen Co,WBA,0.398
2009,"Altria Group, Inc",MO,0.395
2009,Target Corp,TGT,0.376
2009,Bank of New York Mellon Corp,BK,0.373
2009,EMC Corp,DELL,0.369
2009,"Baxter International, Inc",BAX,0.368
2009,"Time Warner, Inc",WBD,0.365
2009,Eli Lilly & Co,LLY,0.358
2009,Exelon Corp,EXC,0.35
2009,"Caterpillar, Inc",CAT,0.342
2009,"MetLife, Inc",MET,0.334
2009,"Amazoncom, Inc",AMZN,0.332
2009,"Lowe's Cos, Inc",LOW,0.331
2009,Anadarko Petroleum Corp,OXY,0.33
2009,Apache Corp,APA,0.33
2009,Emerson Electric Co,EMR,0.323
2009,"Texas Instruments, Inc",TXN,0.32
2009,Devon Energy Corp,DVN,0.32
2009,Dow Chemical Co,DOW,0.319
2009,Union Pacific Corp,UNP,0.315
2009,"UnitedHealth Group, Inc",UNH,0.312
2009,Du Pont (EI) de Nemours & Co,DD,0.311
2009,"Freeport-McMoRan Copper & Gold, Inc",FCX,0.303
2009,"The Travelers Cos, Inc",TRV,0.299
2009,"Honeywell International, Inc",HON,0.299
2009,News Corp (Class A),NWS,0.289
2009,"eBay, Inc",EBAY,0.284
2009,"Medco Health Solutions, Inc",CI,0.281
2009,"Dell, Inc",DELL,0.281
2009,State Street Corp,STT,0.279
2009,Celgene Corp,BMY,0.275
2009,Lockheed Martin Corp,LMT,0.27
2009,Southern Co,SO,0.27
2009,"NIKE, Inc (Class B)",NKE,0.27
2009,"Praxair, Inc",LIN,0.268
2009,General Dynamics Corp,GD,0.266
2009,Costco Wholesale Corp,COST,0.263
2009,Kimberly-Clark Corp,KMB,0.262
2009,Halliburton Co,HAL,0.262
2009,"XTO Energy, Inc",XOM,0.257
2009,"Corning, Inc",GLW,0.255
2009,FedEx Corp,FDX,0.252
2009,Ford Motor Co,F,0.249
2009,"Prudential Financial, Inc",PRU,0.248
2009,"FPL Group, Inc",NEE,0.243
2009,Marathon Oil Corp,COP,0.242
2009,"WellPoint, Inc",ELV,0.241
2009,"PNC Financial Services Group, Inc",PNC,0.24
2010,Exxon Mobil Corp.,XOM,3.044
2010,"Apple, Inc.",AAPL,2.509
2010,Microsoft Corp.,MSFT,1.806
2010,General Electric Co.,GE,1.681
2010,Johnson & Johnson,JNJ,1.653
2010,The Procter & Gamble Co.,PG,1.646
2010,International BusinessMachines Corp.,IBM,1.636
2010,"AT&T, Inc.",T,1.635
2010,Chevron Corp.,CVX,1.575
2010,JPMorgan Chase & Co.,JPM,1.46
2010,"Berkshire Hathaway, Inc. (Class B)",BRK.B,1.386
2010,"Pfizer, Inc.",PFE,1.335
2010,TheCoca-ColaCo.,KO,1.306
2010,Wells Fargo & Co.,WFC,1.273
2010,Bank of America Corp.,BAC,1.272
2010,"Google, Inc. (Class A)",GOOGL,1.266
2010,"Cisco Systems, Inc.",CSCO,1.21
2010,"Merck & Co., Inc.",MRK,1.096
2010,Intel Corp.,INTC,1.035
2010,"Wal-Mart Stores, Inc.",WMT,1.034
2010,"PepsiCo, Inc.",PEP,1.022
2010,Oracle Corp.,ORCL,1.005
2010,"Philip Morris International, Inc.",PM,0.993
2010,Hewlett-Packard Co.,HPQ,0.922
2010,"Citigroup, Inc.",C,0.898
2010,"Verizon Communications, Inc.",VZ,0.891
2010,ConocoPhillips,COP,0.824
2010,"Schlumberger, Ltd.",SLB,0.814
2010,Abbott Laboratories,ABT,0.78
2010,McDonald’s Corp.,MCD,0.767
2010,"The Goldman Sachs Group, Inc.",GS,0.72
2010,"QUALCOMM, Inc.",QCOM,0.7
2010,United Technologies Corp.,UAL,0.64
2010,"United Parcel Service, Inc. (Class B)",UPS,0.639
2010,Occidental Petroleum Corp.,OXY,0.615
2010,The Walt Disney Co.,DIS,0.612
2010,3M Co.,MMM,0.598
2010,"Amazon.com, Inc.",AMZN,0.538
2010,"Kraft Foods, Inc. (Class A)",KHC,0.52
2010,"Amgen, Inc.",AMGN,0.511
2010,"Home Depot, Inc.",HD,0.51
2010,Comcast Corp. (Class A),CMCSA,0.491
2010,"Altria Group, Inc.",MO,0.484
2010,"Caterpillar, Inc.",CAT,0.478
2010,The Boeing Co.,BA,0.47
2010,Bristol-Myers Squibb Co.,BMY,0.451
2010,American Express Co.,AXP,0.423
2010,CVS Caremark Corp.,CVS,0.414
2010,Ford Motor Co.,F,0.407
2010,EMC Corp.,DELL,0.404
2010,U.S. Bancorp,USB,0.401
2010,Union Pacific Corp.,UNP,0.394
2010,E. I. du Pont de Nemours & Co.,DD,0.391
2010,"Freeport-McMoRan Copper &Gold, Inc.",FCX,0.39
2010,Emerson Electric Co.,EMR,0.384
2010,"UnitedHealth Group, Inc.",UNH,0.382
2010,Target Corp.,TGT,0.373
2010,Colgate-Palmolive Co.,CL,0.361
2010,Eli Lilly & Co.,LLY,0.359
2010,"Visa, Inc. (Class A)",V,0.358
2010,"Medtronic, Inc.",MDT,0.351
2010,DIRECTV,T,0.349
2010,Apache Corp.,APA,0.345
2010,"MetLife, Inc.",MET,0.337
2010,Morgan Stanley,MS,0.334
2010,"Time Warner, Inc.",WBD,0.333
2010,"Honeywell International, Inc.",HON,0.326
2010,Walgreen Co.,WBA,0.317
2010,"Texas Instruments, Inc.",TXN,0.314
2010,The Dow Chemical Co.,DOW,0.307
2010,The Bank of New YorkMellon Corp.,BK,0.307
2010,"Lowe’s Cos., Inc.",LOW,0.302
2010,"NIKE, Inc. (Class B)",NKE,0.301
2010,Newmont Mining Corp.,NEM,0.298
2010,Southern Co.,SO,0.297
2010,Halliburton Co.,HAL,0.29
2010,"Gilead Sciences, Inc.",GILD,0.289
2010,News Corp. (Class A),NWS,0.288
2010,Deere & Co.,DE,0.287
2010,"Corning, Inc.",GLW,0.276
2010,Costco Wholesale Corp.,COST,0.275
2010,Anadarko Petroleum Corp.,OXY,0.273
2010,"eBay, Inc.",EBAY,0.273
2010,Devon Energy Corp.,DVN,0.272
2010,Exelon Corp.,EXC,0.272
2010,"Baxter International, Inc.",BAX,0.27
2010,"Praxair, Inc.",LIN,0.267
2010,"PNC Financial ServicesGroup, Inc.",PNC,0.264
2010,"Simon Property Group, Inc.",SPG,0.262
2010,FedEx Corp.,FDX,0.259
2010,Kimberly-Clark Corp.,KMB,0.258
2010,Celgene Corp.,BMY,0.257
2010,"Express Scripts, Inc.",CI,0.255
2010,Monsanto Co.,BAYRY,0.251
2010,"Dominion Resources, Inc.",D,0.249
2010,"Prudential Financial, Inc.",PRU,0.244
2010,"The Travelers Cos., Inc.",TRV,0.237
2010,"AFLAC, Inc.",AFL,0.235
2010,General Dynamics Corp.,GD,0.231
2010,"Illinois Tool Works, Inc.",ITW,0.231
2011,"Apple, Inc.",AAPL,3.431
2011,Exxon Mobil Corp.,XOM,3.429
2011,International Business Machines Corp.,IBM,2.03
2011,Microsoft Corp.,MSFT,1.802
2011,Chevron Corp.,CVX,1.801
2011,Johnson & Johnson,JNJ,1.697
2011,The Procter & Gamble Co.,PG,1.685
2011,"AT&T, Inc.",T,1.641
2011,General Electric Co.,GE,1.57
2011,TheCoca-ColaCo.,KO,1.506
2011,"Pfizer, Inc.",PFE,1.339
2011,"Google, Inc. (Class A)",GOOGL,1.259
2011,Wells Fargo & Co.,WFC,1.237
2011,"Berkshire Hathaway, Inc. (Class B)",BRK.B,1.213
2011,JPMorgan Chase & Co.,JPM,1.14
2011,Oracle Corp.,ORCL,1.103
2011,Intel Corp.,INTC,1.088
2011,"Philip Morris International, Inc.",PM,1.064
2011,"Verizon Communications, Inc.",VZ,1.012
2011,"Merck & Co., Inc.",MRK,0.977
2011,"PepsiCo, Inc.",PEP,0.952
2011,"Wal-Mart Stores, Inc.",WMT,0.886
2011,McDonald’s Corp.,MCD,0.88
2011,ConocoPhillips,COP,0.843
2011,"Cisco Systems, Inc.",CSCO,0.828
2011,"QUALCOMM, Inc.",QCOM,0.794
2011,"Schlumberger, Ltd.",SLB,0.783
2011,Abbott Laboratories,ABT,0.774
2011,"Amazon.com, Inc.",AMZN,0.762
2011,"Citigroup, Inc.",C,0.726
2011,United Technologies Corp.,UAL,0.621
2011,Bank of America Corp.,BAC,0.603
2011,"United Parcel Service, Inc. (Class B)",UPS,0.601
2011,"Kraft Foods, Inc. (Class A)",KHC,0.576
2011,Occidental Petroleum Corp.,OXY,0.565
2011,Comcast Corp. (Class A),CMCSA,0.558
2011,The Walt Disney Co.,DIS,0.543
2011,"Altria Group, Inc.",MO,0.539
2011,Bristol-Myers Squibb Co.,BMY,0.518
2011,"The Home Depot, Inc.",HD,0.499
2011,3M Co.,MMM,0.494
2011,"Amgen, Inc.",AMGN,0.493
2011,"UnitedHealth Group, Inc.",UNH,0.482
2011,"The Goldman Sachs Group, Inc.",GS,0.464
2011,"Caterpillar, Inc.",CAT,0.464
2011,American Express Co.,AXP,0.453
2011,Hewlett-Packard Co.,HPQ,0.451
2011,U.S. Bancorp,USB,0.439
2011,CVS Caremark Corp.,CVS,0.438
2011,The Boeing Co.,BA,0.436
2011,"Visa, Inc. (Class A)",V,0.426
2011,EMC Corp.,DELL,0.421
2011,Colgate-Palmolive Co.,CL,0.42
2011,Union Pacific Corp.,UNP,0.388
2011,Eli Lilly & Co.,LLY,0.365
2011,E. I. du Pont de Nemours & Co.,DD,0.362
2011,Ford Motor Co.,F,0.356
2011,Southern Co.,SO,0.353
2011,Costco Wholesale Corp.,COST,0.347
2011,News Corp. (Class A),NWS,0.342
2011,"Medtronic, Inc.",MDT,0.341
2011,"Honeywell International, Inc.",HON,0.335
2011,Accenture PLC (Class A),ACN,0.331
2011,"MasterCard, Inc. (Class A)",MA,0.329
2011,"eBay, Inc.",EBAY,0.329
2011,Target Corp.,TGT,0.321
2011,"NIKE, Inc. (Class B)",NKE,0.314
2011,"Simon Property Group, Inc.",SPG,0.312
2011,Monsanto Co.,BAYRY,0.311
2011,"Baxter International, Inc.",BAX,0.31
2011,"Time Warner, Inc.",WBD,0.304
2011,Anadarko Petroleum Corp.,OXY,0.304
2011,DIRECTV (Class A),T,0.302
2011,Newmont Mining Corp.,NEM,0.301
2011,"Texas Instruments, Inc.",TXN,0.3
2011,Emerson Electric Co.,EMR,0.299
2011,Apache Corp.,APA,0.298
2011,"Gilead Sciences, Inc.",GILD,0.291
2011,Walgreen Co.,WBA,0.289
2011,"MetLife, Inc.",MET,0.287
2011,"Dominion Resources, Inc.",D,0.281
2011,"Freeport-McMoRan Copper & Gold, Inc.",FCX,0.279
2011,Celgene Corp.,BMY,0.276
2011,"Praxair, Inc.",LIN,0.275
2011,Exelon Corp.,EXC,0.273
2011,Halliburton Co.,HAL,0.273
2011,Starbucks Corp.,SBUX,0.271
2011,Kimberly-Clark Corp.,KMB,0.27
2011,Deere & Co.,DE,0.26
2011,The Dow Chemical Co.,DOW,0.258
2011,Duke Energy Corp.,DUK,0.258
2011,"Allergan, Inc.",ABBV,0.246
2011,"PNC Financial Services Group, Inc.",PNC,0.246
2011,"General Mills, Inc.",GIS,0.242
2011,"Lowe’s Cos., Inc.",LOW,0.236
2011,Danaher Corp.,DHR,0.233
2011,"WellPoint, Inc.",ELV,0.229
2011,Devon Energy Corp.,DVN,0.224
2011,"Automatic Data Processing, Inc.",ADP,0.224
2011,The Bank of New York Mellon Corp.,BK,0.224
2012,"Apple, Inc.",AAPL,4.856
2012,Exxon Mobil Corp.,XOM,3.277
2012,General Electric Co.,GE,1.862
2012,Chevron Corp.,CVX,1.776
2012,Microsoft Corp.,MSFT,1.744
2012,International Business Machines Corp.,IBM,1.732
2012,"AT&T, Inc.",T,1.689
2012,"Google, Inc. (Class A)",GOOGL,1.55
2012,The Procter & Gamble Co.,PG,1.483
2012,Johnson & Johnson,JNJ,1.475
2012,"Pfizer, Inc.",PFE,1.441
2012,Wells Fargo & Co.,WFC,1.319
2012,"Berkshire Hathaway, Inc. (Class B)",BRK.B,1.255
2012,JPMorgan Chase & Co.,JPM,1.194
2012,"Philip Morris International, Inc.",PM,1.177
2012,The Coca-Cola Co.,KO,1.14
2012,"Merck & Co., Inc.",MRK,1.066
2012,"Verizon Communications, Inc.",VZ,1.008
2012,"Wal-Mart Stores, Inc.",WMT,0.963
2012,Oracle Corp.,ORCL,0.931
2012,Intel Corp.,INTC,0.881
2012,"PepsiCo, Inc.",PEP,0.855
2012,Abbott Laboratories,ABT,0.835
2012,"QUALCOMM, Inc.",QCOM,0.826
2012,"Cisco Systems, Inc.",CSCO,0.784
2012,"Schlumberger, Ltd.",SLB,0.745
2012,"Citigroup, Inc.",C,0.745
2012,Comcast Corp. (Class A),CMCSA,0.743
2012,Bank of America Corp.,BAC,0.739
2012,The Walt Disney Co.,DIS,0.728
2012,McDonald’s Corp.,MCD,0.718
2012,"Amazon.com, Inc.",AMZN,0.714
2012,"The Home Depot, Inc.",HD,0.708
2012,"Kraft Foods, Inc. (Class A)",KHC,0.57
2012,"Visa, Inc. (Class A)",V,0.544
2012,Occidental Petroleum Corp.,OXY,0.541
2012,ConocoPhillips,COP,0.54
2012,"Altria Group, Inc.",MO,0.527
2012,United Technologies Corp.,UAL,0.511
2012,U.S. Bancorp,USB,0.505
2012,"Amgen, Inc.",AMGN,0.505
2012,CVS Caremark Corp.,CVS,0.478
2012,3M Co.,MMM,0.457
2012,EMC Corp.,DELL,0.444
2012,"UnitedHealth Group, Inc.",UNH,0.444
2012,Bristol-Myers Squibb Co.,BMY,0.44
2012,American Express Co.,AXP,0.436
2012,"eBay, Inc.",EBAY,0.436
2012,"Caterpillar, Inc.",CAT,0.436
2012,Union Pacific Corp.,UNP,0.436
2012,"United Parcel Service, Inc. (Class B)",UPS,0.399
2012,"The Goldman Sachs Group, Inc.",GS,0.398
2012,Express Scripts Holding Co.,CI,0.394
2012,"Gilead Sciences, Inc.",GILD,0.39
2012,News Corp. (Class A),NWS,0.388
2012,Monsanto Co.,BAYRY,0.377
2012,"MasterCard, Inc. (Class A)",MA,0.376
2012,Eli Lilly & Co.,LLY,0.376
2012,Colgate-Palmolive Co.,CL,0.371
2012,The Boeing Co.,BA,0.366
2012,E. I. du Pont de Nemours & Co.,DD,0.363
2012,"Honeywell International, Inc.",HON,0.362
2012,"Simon Property Group, Inc.",SPG,0.358
2012,Duke Energy Corp.,DUK,0.354
2012,Accenture PLC (Class A),ACN,0.346
2012,"Medtronic, Inc.",MDT,0.342
2012,Costco Wholesale Corp.,COST,0.336
2012,"Time Warner, Inc.",WBD,0.333
2012,Target Corp.,TGT,0.322
2012,Southern Co.,SO,0.313
2012,Starbucks Corp.,SBUX,0.299
2012,"American International Group, Inc.",AIG,0.297
2012,Ford Motor Co.,F,0.292
2012,"Freeport-McMoRan Copper & Gold, Inc.",FCX,0.292
2012,"MetLife, Inc.",MET,0.284
2012,"Biogen Idec, Inc.",BIIB,0.274
2012,Emerson Electric Co.,EMR,0.273
2012,"NIKE, Inc. (Class B)",NKE,0.271
2012,Anadarko Petroleum Corp.,OXY,0.271
2012,The Dow Chemical Co.,DOW,0.269
2012,"Lowe’s Cos., Inc.",LOW,0.268
2012,"National-Oilwell Varco, Inc.",NOV,0.265
2012,Kimberly-Clark Corp.,KMB,0.263
2012,Apache Corp.,APA,0.263
2012,Hewlett-Packard Co.,HPQ,0.26
2012,"PNC Financial Services Group, Inc.",PNC,0.259
2012,Celgene Corp.,BMY,0.258
2012,Capital One Financial Corp.,COF,0.257
2012,"Baxter International, Inc.",BAX,0.256
2012,"TJX Cos., Inc.",TJX,0.256
2012,DIRECTV,T,0.256
2012,Deere & Co.,DE,0.251
2012,Danaher Corp.,DHR,0.25
2012,"Texas Instruments, Inc.",TXN,0.243
2012,Halliburton Co.,HAL,0.243
2012,Walgreen Co.,WBA,0.242
2012,"Praxair, Inc.",LIN,0.24
2012,"priceline.com, Inc.",BKNG,0.239
2012,Exelon Corp.,EXC,0.236
2012,"Dominion Resources, Inc.",D,0.236
2013,"Apple, Inc.",AAPL,2.897
2013,Exxon Mobil Corp.,XOM,2.532
2013,Microsoft Corp.,MSFT,1.688
2013,"Google, Inc. (Class A)",GOOGL,1.638
2013,Johnson & Johnson,JNJ,1.633
2013,General Electric Co.,GE,1.627
2013,Chevron Corp.,CVX,1.57
2013,The Procter & Gamble Co.,PG,1.384
2013,"Berkshire Hathaway, Inc.(Class B)",BRK.B,1.366
2013,Wells Fargo & Co.,WFC,1.335
2013,JPMorgan Chase & Co.,JPM,1.301
2013,International Business Machines Corp.,IBM,1.275
2013,"Pfizer, Inc.",PFE,1.271
2013,"AT&T, Inc.",T,1.201
2013,Bank of America Corp.,BAC,0.991
2013,"Citigroup, Inc.",C,0.985
2013,The Coca-Cola Co.,KO,0.966
2013,"Philip Morris International, Inc.",PM,0.937
2013,"Merck & Co., Inc.",MRK,0.932
2013,"Verizon Communications, Inc.",VZ,0.893
2013,"Cisco Systems, Inc.",CSCO,0.84
2013,"PepsiCo, Inc.",PEP,0.82
2013,"Wal-Mart Stores, Inc.",WMT,0.805
2013,Oracle Corp.,ORCL,0.791
2013,Comcast Corp. (Class A),CMCSA,0.79
2013,"Schlumberger, Ltd.",SLB,0.782
2013,"Amazon.com, Inc.",AMZN,0.773
2013,"QUALCOMM, Inc.",QCOM,0.773
2013,Intel Corp.,INTC,0.763
2013,"The Home Depot, Inc.",HD,0.727
2013,The Walt Disney Co.,DIS,0.717
2013,"Visa, Inc. (Class A)",V,0.659
2013,McDonald’s Corp.,MCD,0.644
2013,"Gilead Sciences, Inc.",GILD,0.643
2013,United Technologies Corp.,UAL,0.608
2013,ConocoPhillips,COP,0.567
2013,"Amgen, Inc.",AMGN,0.564
2013,The Boeing Co.,BA,0.545
2013,3M Co.,MMM,0.518
2013,Bristol-Myers Squibb Co.,BMY,0.509
2013,Occidental Petroleum Corp.,OXY,0.503
2013,"UnitedHealth Group, Inc.",UNH,0.489
2013,Union Pacific Corp.,UNP,0.482
2013,"American International Group, Inc.",AIG,0.479
2013,"AbbVie, Inc.",ABBV,0.473
2013,"MasterCard, Inc. (Class A)",MA,0.469
2013,American Express Co.,AXP,0.469
2013,CVS Caremark Corp.,CVS,0.465
2013,"Altria Group, Inc.",MO,0.46
2013,U.S. Bancorp,USB,0.451
2013,"Twenty-First Century Fox, Inc. (Class A)",DIS,0.446
2013,Ford Motor Co.,F,0.444
2013,"The Goldman Sachs Group, Inc.",GS,0.442
2013,"United Parcel Service, Inc.(Class B)",UPS,0.441
2013,"Honeywell International, Inc.",HON,0.436
2013,"eBay, Inc.",EBAY,0.435
2013,Celgene Corp.,BMY,0.423
2013,"Time Warner, Inc.",WBD,0.405
2013,Starbucks Corp.,SBUX,0.387
2013,"Biogen Idec, Inc.",BIIB,0.381
2013,"Mondelez International, Inc. (Class A)",MDLZ,0.374
2013,Monsanto Co.,BAYRY,0.372
2013,"NIKE, Inc. (Class B)",NKE,0.363
2013,E. I. du Pont de Nemours & Co.,DD,0.362
2013,EMC Corp.,DELL,0.356
2013,"Medtronic, Inc.",MDT,0.355
2013,"Caterpillar, Inc.",CAT,0.355
2013,"MetLife, Inc.",MET,0.351
2013,Colgate-Palmolive Co.,CL,0.349
2013,"priceline.com, Inc.",BKNG,0.349
2013,Abbott Laboratories,ABT,0.345
2013,Express Scripts Holding Co.,CI,0.337
2013,Costco Wholesale Corp.,COST,0.335
2013,"Lowe’s Cos., Inc.",LOW,0.335
2013,Eli Lilly & Co.,LLY,0.335
2013,Accenture PLC (Class A),ACN,0.318
2013,Duke Energy Corp.,DUK,0.314
2013,Walgreen Co.,WBA,0.313
2013,Anadarko Petroleum Corp.,OXY,0.311
2013,The Dow Chemical Co.,DOW,0.31
2013,Emerson Electric Co.,EMR,0.309
2013,"Simon Property Group, Inc.",SPG,0.307
2013,"EOG Resources, Inc.",EOG,0.307
2013,"Texas Instruments, Inc.",TXN,0.298
2013,Danaher Corp.,DHR,0.277
2013,Halliburton Co.,HAL,0.272
2013,"TJX Cos., Inc.",TJX,0.271
2013,Target Corp.,TGT,0.27
2013,Hewlett-Packard Co.,HPQ,0.27
2013,Capital One Financial Corp.,COF,0.268
2013,"PNC Financial Services Group, Inc.",PNC,0.256
2013,Morgan Stanley,MS,0.251
2013,"Viacom, Inc. (Class B)",PSKY,0.243
2013,Kimberly-Clark Corp.,KMB,0.243
2013,"Prudential Financial, Inc.",PRU,0.242
2013,"Dominion Resources, Inc.",D,0.241
2013,Southern Co.,SO,0.239
2013,"Baxter International, Inc.",BAX,0.239
2013,"Praxair, Inc.",LIN,0.237
2013,Phillips 66,PSX,0.236
2014,"Apple, Inc.",AAPL,3.445
2014,Exxon Mobil Corp.,XOM,2.29
2014,Microsoft Corp.,MSFT,2.179
2014,Johnson & Johnson,JNJ,1.716
2014,General Electric Co.,GE,1.467
2014,"Berkshire Hathaway, Inc. (Class B)",BRK.B,1.438
2014,Wells Fargo & Co.,WFC,1.407
2014,JPMorgan Chase & Co.,JPM,1.294
2014,Chevron Corp.,CVX,1.294
2014,The Procter & Gamble Co.,PG,1.294
2014,"Verizon Communications, Inc.",VZ,1.183
2014,"Pfizer, Inc.",PFE,1.071
2014,"AT&T, Inc.",T,1.044
2014,Bank of America Corp.,BAC,1.025
2014,International Business Machines Corp.,IBM,1.006
2014,Intel Corp.,INTC,0.984
2014,"Merck & Co., Inc.",MRK,0.976
2014,The Coca-Cola Co.,KO,0.961
2014,"Google, Inc. (Class A)",GOOGL,0.954
2014,"Google, Inc. (Class C)",GOOGL,0.936
2014,"Gilead Sciences, Inc.",GILD,0.919
2014,"Citigroup, Inc.",C,0.897
2014,"Facebook, Inc. (Class A)",META,0.879
2014,The Walt Disney Co.,DIS,0.803
2014,"PepsiCo, Inc.",PEP,0.801
2014,Comcast Corp. (Class A),CMCSA,0.795
2014,"Schlumberger, Ltd.",SLB,0.753
2014,"Philip Morris International, Inc.",PM,0.744
2014,"Cisco Systems, Inc.",CSCO,0.733
2014,"QUALCOMM, Inc.",QCOM,0.716
2014,Oracle Corp.,ORCL,0.711
2014,"The Home Depot, Inc.",HD,0.705
2014,"Amazon.com, Inc.",AMZN,0.697
2014,"Wal-Mart Stores, Inc.",WMT,0.69
2014,"Amgen, Inc.",AMGN,0.609
2014,"Visa, Inc. (Class A)",V,0.6
2014,Union Pacific Corp.,UNP,0.556
2014,ConocoPhillips,COP,0.536
2014,McDonald’s Corp.,MCD,0.532
2014,CVS Health Corp.,CVS,0.526
2014,"AbbVie, Inc.",ABBV,0.524
2014,3M Co.,MMM,0.524
2014,"Altria Group, Inc.",MO,0.52
2014,United Technologies Corp.,UAL,0.513
2014,The Boeing Co.,BA,0.488
2014,Bristol-Myers Squibb Co.,BMY,0.484
2014,"UnitedHealth Group, Inc.",UNH,0.479
2014,American Express Co.,AXP,0.45
2014,"Biogen Idec, Inc.",BIIB,0.446
2014,"American International Group, Inc.",AIG,0.44
2014,Celgene Corp.,BMY,0.433
2014,U.S. Bancorp,USB,0.43
2014,"The Goldman Sachs Group, Inc.",GS,0.43
2014,Occidental Petroleum Corp.,OXY,0.428
2014,"Honeywell International, Inc.",HON,0.416
2014,"MasterCard, Inc. (Class A)",MA,0.415
2014,"United Parcel Service, Inc. (Class B)",UPS,0.396
2014,Hewlett-Packard Co.,HPQ,0.379
2014,E. I. du Pont de Nemours & Co.,DD,0.376
2014,"Twenty-First Century Fox, Inc. (Class A)",DIS,0.369
2014,"Time Warner, Inc.",WBD,0.367
2014,"eBay, Inc.",EBAY,0.365
2014,Eli Lilly & Co.,LLY,0.364
2014,Actavis PLC,ABBV,0.364
2014,"NIKE, Inc. (Class B)",NKE,0.358
2014,Abbott Laboratories,ABT,0.357
2014,"Caterpillar, Inc.",CAT,0.355
2014,"Medtronic, Inc.",MDT,0.347
2014,"priceline.com, Inc.",BKNG,0.346
2014,"MetLife, Inc.",MET,0.345
2014,EMC Corp.,DELL,0.339
2014,Monsanto Co.,BAYRY,0.337
2014,The Dow Chemical Co.,DOW,0.336
2014,"Mondelez International, Inc. (Class A)",MDLZ,0.33
2014,Ford Motor Co.,F,0.328
2014,Starbucks Corp.,SBUX,0.324
2014,Colgate-Palmolive Co.,CL,0.32
2014,Costco Wholesale Corp.,COST,0.313
2014,Halliburton Co.,HAL,0.313
2014,"EOG Resources, Inc.",EOG,0.309
2014,"Allergan, Inc.",ABBV,0.302
2014,Morgan Stanley,MS,0.302
2014,Duke Energy Corp.,DUK,0.302
2014,Express Scripts Holding Co.,CI,0.301
2014,"Lowe’s Cos., Inc.",LOW,0.298
2014,Walgreen Co.,WBA,0.297
2014,Accenture PLC (Class A),ACN,0.294
2014,Anadarko Petroleum Corp.,OXY,0.292
2014,"Simon Property Group, Inc.",SPG,0.292
2014,"Texas Instruments, Inc.",TXN,0.291
2014,Lockheed Martin Corp.,LMT,0.282
2014,"Thermo Fisher Scientific, Inc.",TMO,0.277
2014,"PNC Financial Services Group, Inc.",PNC,0.264
2014,LyondellBasell Industries NV (Class A),LYB,0.264
2014,Danaher Corp.,DHR,0.264
2014,Capital One Financial Corp.,COF,0.262
2014,Phillips 66,PSX,0.26
2014,McKesson Corp.,MCK,0.257
2014,Emerson Electric Co.,EMR,0.251
2014,The Bank of New York Mellon Corp.,BK,0.25
2015,"Apple, Inc.",AAPL,3.717
2015,Microsoft Corp.,MSFT,2.092
2015,Exxon Mobil Corp.,XOM,1.833
2015,Johnson & Johnson,JNJ,1.527
2015,General Electric Co.,GE,1.505
2015,"Berkshire Hathaway, Inc. (Class B)",BRK.B,1.445
2015,Wells Fargo & Co.,WFC,1.419
2015,JPMorgan Chase & Co.,JPM,1.334
2015,"Facebook, Inc. (Class A)",META,1.203
2015,"AT&T, Inc.",T,1.185
2015,"Amazon.com, Inc.",AMZN,1.161
2015,Procter & Gamble Co.,PG,1.154
2015,"Pfizer, Inc.",PFE,1.145
2015,"Alphabet, Inc. (Class A)",GOOG,1.094
2015,"Alphabet, Inc. (Class C)",GOOG,1.065
2015,"Verizon Communications, Inc.",VZ,1.046
2015,Bank of America Corp.,BAC,0.964
2015,Walt Disney Co.,DIS,0.938
2015,Coca-Cola Co.,KO,0.927
2015,"Citigroup, Inc.",C,0.882
2015,Chevron Corp.,CVX,0.877
2015,"Home Depot, Inc.",HD,0.876
2015,"Gilead Sciences, Inc.",GILD,0.851
2015,Intel Corp.,INTC,0.847
2015,"Merck & Co., Inc.",MRK,0.822
2015,"PepsiCo, Inc.",PEP,0.819
2015,"Visa, Inc. (Class A)",V,0.804
2015,"Cisco Systems, Inc.",CSCO,0.789
2015,International Business Machines Corp.,IBM,0.772
2015,"Philip Morris International, Inc.",PM,0.726
2015,Comcast Corp. (Class A),CMCSA,0.707
2015,Oracle Corp.,ORCL,0.695
2015,"UnitedHealth Group, Inc.",UNH,0.654
2015,CVS Health Corp.,CVS,0.635
2015,Allergan PLC,ABBV,0.633
2015,"Altria Group, Inc.",MO,0.631
2015,"Amgen, Inc.",AMGN,0.62
2015,"Wal-Mart Stores, Inc.",WMT,0.605
2015,Bristol-Myers Squibb Co.,BMY,0.584
2015,Medtronic PLC,MDT,0.559
2015,McDonald’s Corp.,MCD,0.548
2015,"MasterCard, Inc. (Class A)",MA,0.532
2015,"AbbVie, Inc.",ABBV,0.532
2015,3M Co.,MMM,0.523
2015,"Schlumberger, Ltd.",SLB,0.517
2015,Celgene Corp.,BMY,0.506
2015,Starbucks Corp.,SBUX,0.499
2015,"QUALCOMM, Inc.",QCOM,0.498
2015,Boeing Co.,BA,0.494
2015,"NIKE, Inc. (Class B)",NKE,0.492
2015,Eli Lilly & Co.,LLY,0.481
2015,Union Pacific Corp.,UNP,0.453
2015,"Honeywell International, Inc.",HON,0.438
2015,United Technologies Corp.,UAL,0.434
2015,"American International Group, Inc.",AIG,0.434
2015,"Walgreens Boots Alliance, Inc.",WBA,0.429
2015,"Goldman Sachs Group, Inc.",GS,0.414
2015,"United Parcel Service, Inc. (Class B)",UPS,0.408
2015,"Biogen, Inc.",BIIB,0.405
2015,U.S. Bancorp,USB,0.4
2015,"Mondelez International, Inc. (Class A)",MDLZ,0.399
2015,"Lowe’s Cos., Inc.",LOW,0.377
2015,Costco Wholesale Corp.,COST,0.374
2015,American Express Co.,AXP,0.373
2015,"priceline.com, Inc.",BKNG,0.371
2015,Accenture PLC (Class A),ACN,0.362
2015,Abbott Laboratories,ABT,0.353
2015,ConocoPhillips,COP,0.349
2015,Colgate-Palmolive Co.,CL,0.338
2015,"Simon Property Group, Inc.",SPG,0.337
2015,"Time Warner, Inc.",WBD,0.331
2015,Lockheed Martin Corp.,LMT,0.327
2015,Express Scripts Holding Co.,CI,0.323
2015,Ford Motor Co.,F,0.312
2015,"MetLife, Inc.",MET,0.31
2015,"Texas Instruments, Inc.",TXN,0.3
2015,Occidental Petroleum Corp.,OXY,0.3
2015,"Time Warner Cable, Inc.",CHTR,0.299
2015,Danaher Corp.,DHR,0.299
2015,"Kinder Morgan, Inc.",KMI,0.294
2015,Duke Energy Corp.,DUK,0.293
2015,Target Corp.,TGT,0.292
2015,Dow Chemical Co.,DOW,0.291
2015,"Thermo Fisher Scientific, Inc.",TMO,0.287
2015,"TJX Cos., Inc.",TJX,0.285
2015,Morgan Stanley,MS,0.284
2015,EMC Corp.,DELL,0.277
2015,Hewlett-Packard Co.,HPQ,0.274
2015,"PNC Financial Services Group, Inc.",PNC,0.271
2015,"NextEra Energy, Inc.",NEE,0.266
2015,"Netflix, Inc.",NFLX,0.26
2015,E. I. du Pont de Nemours & Co.,DD,0.257
2015,Bank of New York Mellon Corp.,BK,0.256
2015,General Motors Co..,GM,0.256
2015,"Salesforce.com, Inc.",CRM,0.255
2015,McKesson Corp.,MCK,0.253
2015,Kraft Heinz Co.,KHC,0.248
2015,General Dynamics Corp.,GD,0.247
2015,"Dominion Resources, Inc.",D,0.246
2015,"Adobe Systems, Inc.",ADBE,0.242
2016,"Apple, Inc.",AAPL,3.252
2016,Microsoft Corp.,MSFT,2.397
2016,Exxon Mobil Corp.,XOM,1.924
2016,"Amazon.com, Inc.",AMZN,1.761
2016,Johnson & Johnson,JNJ,1.728
2016,"Facebook, Inc. Class A",META,1.592
2016,"Berkshire Hathaway, Inc.Class B",BRK.B,1.466
2016,General Electric Co.,GE,1.417
2016,"AT&T, Inc.",T,1.329
2016,JPMorgan Chase & Co.,JPM,1.285
2016,Procter & Gamble Co.,PG,1.28
2016,"Alphabet, Inc. Class A",GOOG,1.267
2016,"Alphabet, Inc. Class C",GOOG,1.221
2016,"Verizon Communications, Inc.",VZ,1.127
2016,"Pfizer, Inc.",PFE,1.092
2016,Wells Fargo & Co.,WFC,1.074
2016,Chevron Corp.,CVX,1.031
2016,Intel Corp.,INTC,0.948
2016,"Merck & Co., Inc.",MRK,0.919
2016,Coca-Cola Co.,KO,0.876
2016,Bank of America Corp.,BAC,0.856
2016,Comcast Corp. Class A,CMCSA,0.853
2016,"Home Depot, Inc.",HD,0.851
2016,"Cisco Systems, Inc.",CSCO,0.848
2016,"Visa, Inc. Class A",V,0.837
2016,"PepsiCo, Inc.",PEP,0.835
2016,"Philip Morris International, Inc.",PM,0.802
2016,Walt Disney Co.,DIS,0.738
2016,International Business Machines Corp.,IBM,0.738
2016,"Citigroup, Inc.",C,0.738
2016,"UnitedHealth Group, Inc.",UNH,0.708
2016,"Amgen, Inc.",AMGN,0.666
2016,"Altria Group, Inc.",MO,0.658
2016,Medtronic PLC,MDT,0.637
2016,Oracle Corp.,ORCL,0.632
2016,"Wal-Mart Stores, Inc.",WMT,0.585
2016,"Schlumberger, Ltd.",SLB,0.581
2016,3M Co.,MMM,0.568
2016,"Gilead Sciences, Inc.",GILD,0.56
2016,"AbbVie, Inc.",ABBV,0.543
2016,"QUALCOMM, Inc.",QCOM,0.535
2016,McDonald’s Corp.,MCD,0.526
2016,"MasterCard, Inc. Class A",MA,0.522
2016,CVS Health Corp.,CVS,0.508
2016,Allergan PLC,ABBV,0.485
2016,Bristol-Myers Squibb Co.,BMY,0.479
2016,"Honeywell International, Inc.",HON,0.472
2016,Union Pacific Corp.,UNP,0.437
2016,Celgene Corp.,BMY,0.431
2016,Starbucks Corp.,SBUX,0.422
2016,United Technologies Corp.,UAL,0.42
2016,Eli Lilly & Co.,LLY,0.415
2016,Boeing Co.,BA,0.409
2016,Accenture PLC Class A,ACN,0.406
2016,"United Parcel Service, Inc.Class B",UPS,0.401
2016,"Priceline Group, Inc.",BKNG,0.389
2016,"Texas Instruments, Inc.",TXN,0.375
2016,"NIKE, Inc. Class B",NKE,0.373
2016,US Bancorp,USB,0.371
2016,"Walgreens Boots Alliance, Inc.",WBA,0.37
2016,"Broadcom, Ltd.",AVGO,0.366
2016,"Biogen, Inc.",BIIB,0.365
2016,"Mondelez International, Inc.Class A",MDLZ,0.362
2016,Costco Wholesale Corp.,COST,0.355
2016,Colgate-Palmolive Co.,CL,0.352
2016,"Simon Property Group, Inc. REIT",SPG,0.341
2016,"Lowe’s Cos., Inc.",LOW,0.34
2016,"Thermo Fisher Scientific, Inc.",TMO,0.334
2016,"Time Warner, Inc.",WBD,0.333
2016,Abbott Laboratories,ABT,0.33
2016,"Goldman Sachs Group, Inc.",GS,0.325
2016,Lockheed Martin Corp.,LMT,0.324
2016,"American International Group, Inc.",AIG,0.322
2016,"Charter Communications, Inc.Class A",CHTR,0.312
2016,E.I. du Pont de Nemours & Co.,DD,0.311
2016,"Chubb, Ltd.",CB,0.31
2016,Dow Chemical Co.,DOW,0.309
2016,"NextEra Energy, Inc.",NEE,0.3
2016,Occidental Petroleum Corp.,OXY,0.296
2016,Duke Energy Corp.,DUK,0.293
2016,"Adobe Systems, Inc.",ADBE,0.289
2016,ConocoPhillips,COP,0.286
2016,Kraft Heinz Co.,KHC,0.284
2016,"EOG Resources, Inc.",EOG,0.283
2016,"Caterpillar, Inc.",CAT,0.276
2016,Southern Co.,SO,0.269
2016,American Express Co.,AXP,0.266
2016,"TJX Cos., Inc.",TJX,0.263
2016,"MetLife, Inc.",MET,0.26
2016,Morgan Stanley,MS,0.258
2016,American Tower Corp. REIT,AMT,0.256
2016,Ford Motor Co.,F,0.25
2016,Danaher Corp.,DHR,0.25
2016,"Dominion Resources, Inc.",D,0.244
2016,"PayPal Holdings, Inc.",PYPL,0.242
2016,"salesforce.com, Inc.",CRM,0.242
2016,Kimberly-Clark Corp.,KMB,0.241
2016,"PNC Financial Services Group, Inc.",PNC,0.239
2016,Monsanto Co.,BAYRY,0.238
2016,"Kinder Morgan, Inc.",KMI,0.238
2017,"Apple, Inc.",AAPL,3.688
2017,Microsoft Corp.,MSFT,2.658
2017,"Facebook, Inc. Class A",META,1.877
2017,"Amazon.com, Inc.",AMZN,1.776
2017,"Berkshire Hathaway, Inc. Class B",BRK.B,1.635
2017,Johnson & Johnson,JNJ,1.617
2017,Exxon Mobil Corp.,XOM,1.61
2017,JPMorgan Chase & Co.,JPM,1.557
2017,"Alphabet, Inc. Class A",GOOG,1.343
2017,"Alphabet, Inc. Class C",GOOG,1.342
2017,Bank of America Corp.,BAC,1.152
2017,Wells Fargo & Co.,WFC,1.141
2017,"AT&T, Inc.",T,1.116
2017,Procter & Gamble Co.,PG,1.075
2017,Chevron Corp.,CVX,1.032
2017,"Pfizer, Inc.",PFE,0.987
2017,General Electric Co.,GE,0.97
2017,"Verizon Communications, Inc.",VZ,0.936
2017,"Citigroup, Inc.",C,0.918
2017,"Home Depot, Inc.",HD,0.893
2017,"Visa, Inc. Class A",V,0.892
2017,"UnitedHealth Group, Inc.",UNH,0.877
2017,Comcast Corp. Class A,CMCSA,0.839
2017,Intel Corp.,INTC,0.831
2017,"Merck & Co., Inc.",MRK,0.811
2017,Coca-Cola Co.,KO,0.802
2017,"Philip Morris International, Inc.",PM,0.799
2017,"Cisco Systems, Inc.",CSCO,0.78
2017,"DowDuPont, Inc.",DOW,0.749
2017,"PepsiCo, Inc.",PEP,0.738
2017,Walt Disney Co.,DIS,0.706
2017,Oracle Corp.,ORCL,0.677
2017,"AbbVie, Inc.",ABBV,0.656
2017,Boeing Co.,BA,0.654
2017,"Amgen, Inc.",AMGN,0.63
2017,"Mastercard, Inc. Class A",MA,0.611
2017,McDonald’s Corp.,MCD,0.588
2017,International Business Machines Corp.,IBM,0.583
2017,3M Co.,MMM,0.581
2017,"Altria Group, Inc.",MO,0.564
2017,"Wal-MartStores, Inc.",WMT,0.53
2017,Celgene Corp.,BMY,0.528
2017,"Honeywell International, Inc.",HON,0.501
2017,NVIDIA Corp.,NVDA,0.497
2017,"Gilead Sciences, Inc.",GILD,0.49
2017,Medtronic PLC,MDT,0.488
2017,Bristol-Myers Squibb Co.,BMY,0.484
2017,"Broadcom, Ltd.",AVGO,0.457
2017,"Schlumberger, Ltd.",SLB,0.45
2017,Union Pacific Corp.,UNP,0.43
2017,Abbott Laboratories,ABT,0.429
2017,"Priceline Group, Inc.",BKNG,0.417
2017,"Texas Instruments, Inc.",TXN,0.411
2017,United Technologies Corp.,UAL,0.4
2017,US Bancorp,USB,0.395
2017,"Goldman Sachs Group, Inc.",GS,0.395
2017,Accenture PLC Class A,ACN,0.387
2017,Eli Lilly & Co.,LLY,0.385
2017,CVS Health Corp.,CVS,0.384
2017,"United Parcel Service, Inc. Class B",UPS,0.382
2017,"Time Warner, Inc.",WBD,0.367
2017,"Netflix, Inc.",NFLX,0.361
2017,Starbucks Corp.,SBUX,0.36
2017,Lockheed Martin Corp.,LMT,0.359
2017,"QUALCOMM, Inc.",QCOM,0.355
2017,"Thermo Fisher Scientific, Inc.",TMO,0.351
2017,"Adobe Systems, Inc.",ADBE,0.342
2017,"Caterpillar, Inc.",CAT,0.341
2017,"Charter Communications, Inc. Class A",CHTR,0.338
2017,"PayPal Holdings, Inc.",PYPL,0.335
2017,Costco Wholesale Corp.,COST,0.334
2017,"Walgreens Boots Alliance, Inc.",WBA,0.33
2017,Allergan PLC,ABBV,0.319
2017,"NextEra Energy, Inc.",NEE,0.318
2017,"NIKE, Inc. Class B",NKE,0.316
2017,Morgan Stanley,MS,0.316
2017,"Lowe’s Cos., Inc.",LOW,0.313
2017,American Express Co.,AXP,0.307
2017,"Biogen, Inc.",BIIB,0.307
2017,"Chubb, Ltd.",CB,0.307
2017,"PNC Financial Services Group, Inc.",PNC,0.299
2017,Colgate-Palmolive Co.,CL,0.298
2017,"salesforce.com, Inc.",CRM,0.296
2017,"Mondelez International, Inc. Class A",MDLZ,0.284
2017,ConocoPhillips,COP,0.282
2017,Duke Energy Corp.,DUK,0.272
2017,American Tower Corp. REIT,AMT,0.27
2017,General Dynamics Corp.,GD,0.265
2017,"EOG Resources, Inc.",EOG,0.259
2017,"Applied Materials, Inc.",AMAT,0.257
2017,"American International Group, Inc.",AIG,0.257
2017,"BlackRock, Inc.",BLK,0.257
2017,FedEx Corp.,FDX,0.256
2017,"MetLife, Inc.",MET,0.256
2017,Bank of New York Mellon Corp.,BK,0.255
2017,Raytheon Co.,RTX,0.253
2017,General Motors Co.,GM,0.245
2017,Monsanto Co.,BAYRY,0.244
2017,"Aetna, Inc.",CVS,0.244
2017,Danaher Corp.,DHR,0.242
2018,"Apple, Inc.",AAPL,4.211
2018,Microsoft Corp.,MSFT,3.567
2018,"Amazon.com, Inc.",AMZN,3.339
2018,"Berkshire Hathaway, Inc. Class B",BRK.B,1.698
2018,"Facebook, Inc. Class A",META,1.613
2018,JPMorgan Chase & Co.,JPM,1.542
2018,Johnson & Johnson,JNJ,1.508
2018,"Alphabet, Inc. Class C",GOOG,1.495
2018,"Alphabet, Inc. Class A",GOOG,1.468
2018,Exxon Mobil Corp.,XOM,1.464
2018,Bank of America Corp.,BAC,1.113
2018,"Visa, Inc. Class A",V,1.085
2018,"Pfizer, Inc.",PFE,1.051
2018,"UnitedHealth Group, Inc.",UNH,1.042
2018,"AT&T, Inc.",T,0.992
2018,"Home Depot, Inc.",HD,0.964
2018,Chevron Corp.,CVX,0.953
2018,Wells Fargo & Co.,WFC,0.927
2018,"Cisco Systems, Inc.",CSCO,0.904
2018,"Verizon Communications, Inc.",VZ,0.897
2018,Intel Corp.,INTC,0.887
2018,Procter & Gamble Co.,PG,0.843
2018,"Mastercard, Inc. Class A",MA,0.826
2018,Boeing Co.,BA,0.808
2018,"Merck & Co., Inc.",MRK,0.767
2018,"Citigroup, Inc.",C,0.734
2018,Coca-Cola Co.,KO,0.719
2018,Walt Disney Co.,DIS,0.707
2018,NVIDIA Corp.,NVDA,0.695
2018,"Netflix, Inc.",NFLX,0.663
2018,Comcast Corp. Class A,CMCSA,0.658
2018,"PepsiCo, Inc.",PEP,0.643
2018,"DowDuPont, Inc.",DOW,0.604
2018,Oracle Corp.,ORCL,0.593
2018,"AbbVie, Inc.",ABBV,0.583
2018,International Business Machines Corp.,IBM,0.562
2018,"Walmart, Inc.",WMT,0.549
2018,"Amgen, Inc.",AMGN,0.546
2018,Medtronic PLC,MDT,0.54
2018,"Adobe Systems, Inc.",ADBE,0.538
2018,McDonald’s Corp.,MCD,0.528
2018,Abbott Laboratories,ABT,0.524
2018,"Philip Morris International, Inc.",PM,0.516
2018,"Honeywell International, Inc.",HON,0.504
2018,3M Co.,MMM,0.503
2018,"salesforce.com, Inc.",CRM,0.49
2018,Union Pacific Corp.,UNP,0.49
2018,"Altria Group, Inc.",MO,0.462
2018,Accenture PLC Class A,ACN,0.443
2018,"NIKE, Inc. Class B",NKE,0.441
2018,"Broadcom, Inc.",AVGO,0.434
2018,United Technologies Corp.,UAL,0.428
2018,"Texas Instruments, Inc.",TXN,0.425
2018,"PayPal Holdings, Inc.",PYPL,0.423
2018,Costco Wholesale Corp.,COST,0.419
2018,Eli Lilly & Co.,LLY,0.417
2018,Bristol-Myers Squibb Co.,BMY,0.412
2018,"QUALCOMM, Inc.",QCOM,0.412
2018,"Gilead Sciences, Inc.",GILD,0.407
2018,"Thermo Fisher Scientific, Inc.",TMO,0.4
2018,General Electric Co.,GE,0.399
2018,"Booking Holdings, Inc.",BKNG,0.383
2018,"Lowe’s Cos., Inc.",LOW,0.379
2018,"Caterpillar, Inc.",CAT,0.369
2018,ConocoPhillips,COP,0.366
2018,Lockheed Martin Corp.,LMT,0.348
2018,"Schlumberger, Ltd.",SLB,0.343
2018,"United Parcel Service, Inc. Class B",UPS,0.329
2018,US Bancorp,USB,0.329
2018,CVS Health Corp.,CVS,0.326
2018,"NextEra Energy, Inc.",NEE,0.322
2018,"Goldman Sachs Group, Inc.",GS,0.32
2018,Starbucks Corp.,SBUX,0.312
2018,American Express Co.,AXP,0.306
2018,"EOG Resources, Inc.",EOG,0.301
2018,"Anthem, Inc.",ELV,0.29
2018,"Biogen, Inc.",BIIB,0.289
2018,"TJX Cos., Inc.",TJX,0.285
2018,Becton Dickinson and Co.,BDX,0.284
2018,Danaher Corp.,DHR,0.272
2018,"Aetna, Inc.",CVS,0.27
2018,"Automatic Data Processing, Inc.",ADP,0.269
2018,"Intuitive Surgical, Inc.",ISRG,0.266
2018,American Tower Corp. REIT,AMT,0.26
2018,"Activision Blizzard, Inc.",MSFT,0.258
2018,"PNC Financial Services Group, Inc.",PNC,0.257
2018,"Mondelez International, Inc. Class A",MDLZ,0.256
2018,Celgene Corp.,BMY,0.256
2018,Occidental Petroleum Corp.,OXY,0.255
2018,"Chubb, Ltd.",CB,0.252
2018,"Walgreens Boots Alliance, Inc.",WBA,0.252
2018,Morgan Stanley,MS,0.251
2018,Allergan PLC,ABBV,0.247
2018,CSX Corp.,CSX,0.246
2018,Raytheon Co.,RTX,0.24
2018,Charles Schwab Corp.,SCHW,0.24
2018,FedEx Corp.,FDX,0.239
2018,"Intuit, Inc.",INTU,0.239
2018,Colgate-Palmolive Co.,CL,0.237
2018,"Charter Communications, Inc. Class A",CHTR,0.237
2019,Microsoft Corp.,MSFT,4.297
2019,"Apple, Inc.",AAPL,3.852
2019,"Amazon.com, Inc.",AMZN,2.92
2019,"Facebook, Inc. Class A",META,1.734
2019,"Berkshire Hathaway, Inc. Class B",BRK.B,1.651
2019,JPMorgan Chase & Co.,JPM,1.523
2019,"Alphabet, Inc. Class C",GOOG,1.491
2019,"Alphabet, Inc. Class A",GOOG,1.481
2019,Johnson & Johnson,JNJ,1.382
2019,Procter & Gamble Co.,PG,1.26
2019,Exxon Mobil Corp.,XOM,1.209
2019,"Visa, Inc. Class A",V,1.203
2019,"AT&T, Inc.",T,1.119
2019,"Home Depot, Inc.",HD,1.03
2019,"Verizon Communications, Inc.",VZ,1.011
2019,Bank of America Corp.,BAC,0.989
2019,"Mastercard, Inc. Class A",MA,0.982
2019,Walt Disney Co.,DIS,0.95
2019,Intel Corp.,INTC,0.924
2019,Chevron Corp.,CVX,0.911
2019,"Merck & Co., Inc.",MRK,0.873
2019,"Cisco Systems, Inc.",CSCO,0.849
2019,Coca-Cola Co.,KO,0.848
2019,"UnitedHealth Group, Inc.",UNH,0.833
2019,Comcast Corp. Class A,CMCSA,0.828
2019,Boeing Co.,BA,0.823
2019,Wells Fargo & Co.,WFC,0.819
2019,"Pfizer, Inc.",PFE,0.805
2019,"PepsiCo, Inc.",PEP,0.776
2019,"Walmart, Inc.",WMT,0.683
2019,McDonald’s Corp.,MCD,0.66
2019,"Citigroup, Inc.",C,0.632
2019,Abbott Laboratories,ABT,0.599
2019,Medtronic PLC,MDT,0.59
2019,"Adobe Systems, Inc.",ADBE,0.544
2019,"salesforce.com, Inc.",CRM,0.527
2019,International Business Machines Corp.,IBM,0.522
2019,Costco Wholesale Corp.,COST,0.513
2019,Accenture PLC Class A,ACN,0.495
2019,"PayPal Holdings, Inc.",PYPL,0.493
2019,"Honeywell International, Inc.",HON,0.493
2019,Oracle Corp.,ORCL,0.49
2019,"Texas Instruments, Inc.",TXN,0.489
2019,"Philip Morris International, Inc.",PM,0.478
2019,"NIKE, Inc. Class B",NKE,0.476
2019,"Netflix, Inc.",NFLX,0.474
2019,"Thermo Fisher Scientific, Inc.",TMO,0.472
2019,"Amgen, Inc.",AMGN,0.47
2019,Union Pacific Corp.,UNP,0.463
2019,"NextEra Energy, Inc.",NEE,0.461
2019,"AbbVie, Inc.",ABBV,0.452
2019,United Technologies Corp.,UAL,0.447
2019,"Broadcom, Inc.",AVGO,0.445
2019,Starbucks Corp.,SBUX,0.428
2019,NVIDIA Corp.,NVDA,0.428
2019,Linde PLC,LIN,0.424
2019,American Tower Corp. REIT,AMT,0.396
2019,Lockheed Martin Corp.,LMT,0.392
2019,Eli Lilly & Co.,LLY,0.385
2019,3M Co.,MMM,0.383
2019,"QUALCOMM, Inc.",QCOM,0.374
2019,Danaher Corp.,DHR,0.373
2019,"Lowe’s Cos., Inc.",LOW,0.344
2019,"United Parcel Service, Inc. Class B",UPS,0.339
2019,"Booking Holdings, Inc.",BKNG,0.338
2019,Bristol-Myers Squibb Co.,BMY,0.335
2019,CVS Health Corp.,CVS,0.332
2019,"Fidelity National Information Services, Inc.",FIS,0.33
2019,American Express Co.,AXP,0.327
2019,"Gilead Sciences, Inc.",GILD,0.325
2019,"Mondelez International, Inc. Class A",MDLZ,0.323
2019,US Bancorp,USB,0.321
2019,General Electric Co.,GE,0.315
2019,"Altria Group, Inc.",MO,0.309
2019,"CME Group, Inc.",CME,0.305
2019,"Chubb, Ltd.",CB,0.298
2019,"Caterpillar, Inc.",CAT,0.288
2019,Celgene Corp.,BMY,0.285
2019,"Automatic Data Processing, Inc.",ADP,0.284
2019,Duke Energy Corp.,DUK,0.282
2019,Stryker Corp.,SYK,0.281
2019,"Intuit, Inc.",INTU,0.28
2019,Becton Dickinson and Co.,BDX,0.275
2019,"TJX Cos., Inc.",TJX,0.273
2019,"Goldman Sachs Group, Inc.",GS,0.271
2019,"Charter Communications, Inc. Class A",CHTR,0.27
2019,"Dominion Energy, Inc.",D,0.27
2019,Southern Co.,SO,0.261
2019,ConocoPhillips,COP,0.256
2019,Colgate-Palmolive Co.,CL,0.255
2019,"PNC Financial Services Group, Inc.",PNC,0.253
2019,"Intuitive Surgical, Inc.",ISRG,0.251
2019,"Anthem, Inc.",ELV,0.249
2019,"S&P Global, Inc.",SPGI,0.243
2019,"Zoetis, Inc.",ZTS,0.24
2019,Northrop Grumman Corp.,NOC,0.239
2019,"Fiserv, Inc.",FISV,0.238
2019,Crown Castle International Corp. REIT,CCI,0.233
2019,Cigna Corp.,CI,0.232
2019,Boston Scientific Corp.,BSX,0.228
2020,"Apple, Inc.",AAPL,6.681
2020,Microsoft Corp.,MSFT,5.712
2020,"Amazon.com, Inc.",AMZN,4.811
2020,"Facebook, Inc. Class A",META,2.26
2020,"Alphabet, Inc. Class A",GOOG,1.58
2020,"Alphabet, Inc. Class C",GOOG,1.548
2020,"Berkshire Hathaway, Inc. Class B",BRK.B,1.515
2020,Johnson & Johnson,JNJ,1.407
2020,Procter & Gamble Co.,PG,1.242
2020,"Visa, Inc. Class A",V,1.21
2020,NVIDIA Corp.,NVDA,1.198
2020,"Home Depot, Inc.",HD,1.073
2020,"Mastercard, Inc. Class A",MA,1.072
2020,"UnitedHealth Group, Inc.",UNH,1.064
2020,JPMorgan Chase & Co.,JPM,1.053
2020,"Verizon Communications, Inc.",VZ,0.883
2020,"Adobe, Inc.",ADBE,0.844
2020,"PayPal Holdings, Inc.",PYPL,0.83
2020,"salesforce.com, Inc.",CRM,0.821
2020,Walt Disney Co.,DIS,0.805
2020,"Netflix, Inc.",NFLX,0.792
2020,Intel Corp.,INTC,0.789
2020,Comcast Corp. Class A,CMCSA,0.757
2020,"Merck & Co., Inc.",MRK,0.753
2020,"Pfizer, Inc.",PFE,0.732
2020,"AT&T, Inc.",T,0.729
2020,"Walmart, Inc.",WMT,0.697
2020,Abbott Laboratories,ABT,0.692
2020,"PepsiCo, Inc.",PEP,0.689
2020,Coca-Cola Co.,KO,0.685
2020,Bank of America Corp.,BAC,0.659
2020,"Thermo Fisher Scientific, Inc.",TMO,0.628
2020,"Cisco Systems, Inc.",CSCO,0.598
2020,McDonald’s Corp.,MCD,0.586
2020,Costco Wholesale Corp.,COST,0.563
2020,"NIKE, Inc. Class B",NKE,0.56
2020,"AbbVie, Inc.",ABBV,0.556
2020,"Amgen, Inc.",AMGN,0.534
2020,"Broadcom, Inc.",AVGO,0.524
2020,Exxon Mobil Corp.,XOM,0.521
2020,Accenture PLC Class A,ACN,0.516
2020,Medtronic PLC,MDT,0.502
2020,"NextEra Energy, Inc.",NEE,0.488
2020,Danaher Corp.,DHR,0.488
2020,Bristol-Myers Squibb Co.,BMY,0.488
2020,Chevron Corp.,CVX,0.482
2020,Union Pacific Corp.,UNP,0.48
2020,"QUALCOMM, Inc.",QCOM,0.476
2020,"Texas Instruments, Inc.",TXN,0.469
2020,"Lowe’s Cos., Inc.",LOW,0.451
2020,Linde PLC,LIN,0.449
2020,"United Parcel Service, Inc. Class B",UPS,0.422
2020,Eli Lilly & Co.,LLY,0.422
2020,"Philip Morris International, Inc.",PM,0.419
2020,"Honeywell International, Inc.",HON,0.415
2020,Oracle Corp.,ORCL,0.414
2020,International Business Machines Corp.,IBM,0.389
2020,American Tower Corp. REIT,AMT,0.386
2020,Starbucks Corp.,SBUX,0.361
2020,Wells Fargo & Co.,WFC,0.348
2020,"Advanced Micro Devices, Inc.",AMD,0.345
2020,Lockheed Martin Corp.,LMT,0.338
2020,"Charter Communications, Inc. Class A",CHTR,0.335
2020,"ServiceNow, Inc.",NOW,0.333
2020,3M Co.,MMM,0.332
2020,"Fidelity National Information Services, Inc.",FIS,0.327
2020,"Citigroup, Inc.",C,0.323
2020,Raytheon Technologies Corp.,RTX,0.315
2020,Boeing Co.,BA,0.315
2020,"S&P Global, Inc.",SPGI,0.313
2020,"Intuit, Inc.",INTU,0.306
2020,"Intuitive Surgical, Inc.",ISRG,0.298
2020,"Mondelez International, Inc. Class A",MDLZ,0.294
2020,"Caterpillar, Inc.",CAT,0.291
2020,"BlackRock, Inc.",BLK,0.287
2020,"Gilead Sciences, Inc.",GILD,0.284
2020,Target Corp.,TGT,0.283
2020,"Zoetis, Inc.",ZTS,0.282
2020,CVS Health Corp.,CVS,0.275
2020,"Prologis, Inc. REIT",PLD,0.266
2020,"Altria Group, Inc.",MO,0.258
2020,"Vertex Pharmaceuticals, Inc.",VRTX,0.254
2020,"Booking Holdings, Inc.",BKNG,0.252
2020,Crown Castle International Corp. REIT,CCI,0.25
2020,Deere & Co.,DE,0.25
2020,"Goldman Sachs Group, Inc.",GS,0.248
2020,Stryker Corp.,SYK,0.244
2020,"Anthem, Inc.",ELV,0.242
2020,"Equinix, Inc. REIT",EQIX,0.242
2020,Becton Dickinson and Co.,BDX,0.242
2020,"TJX Cos., Inc.",TJX,0.24
2020,"T-MobileUS, Inc.",TMUS,0.239
2020,"Dominion Energy, Inc.",D,0.238
2020,Colgate-Palmolive Co.,CL,0.237
2020,American Express Co.,AXP,0.235
2020,"Air Products & Chemicals, Inc.",APD,0.235
2020,Duke Energy Corp.,DUK,0.234
2020,"Activision Blizzard, Inc.",MSFT,0.225
2020,Cigna Corp.,CI,0.223
2020,FedEx Corp.,FDX,0.218
2021,"Apple, Inc.",AAPL,6.086
2021,Microsoft Corp.,MSFT,5.803
2021,"Amazon.com, Inc.",AMZN,3.919
2021,"Facebook, Inc. Class A",META,2.216
2021,"Alphabet, Inc. Class A",GOOG,2.205
2021,"Alphabet, Inc. Class C",GOOG,2.057
2021,"Tesla, Inc.",TSLA,1.723
2021,NVIDIA Corp.,NVDA,1.414
2021,"Berkshire Hathaway, Inc. Class B",BRK.B,1.386
2021,JPMorgan Chase & Co.,JPM,1.34
2021,Johnson & Johnson,JNJ,1.164
2021,"Visa, Inc. Class A",V,1.03
2021,"UnitedHealth Group, Inc.",UNH,1.009
2021,"Home Depot, Inc.",HD,0.956
2021,Procter & Gamble Co.,PG,0.929
2021,Bank of America Corp.,BAC,0.861
2021,Walt Disney Co.,DIS,0.842
2021,"PayPal Holdings, Inc.",PYPL,0.837
2021,"Mastercard, Inc. Class A",MA,0.83
2021,"Adobe, Inc.",ADBE,0.751
2021,"Netflix, Inc.",NFLX,0.74
2021,"salesforce.com, Inc.",CRM,0.722
2021,Comcast Corp. Class A,CMCSA,0.702
2021,Exxon Mobil Corp.,XOM,0.682
2021,"Pfizer, Inc.",PFE,0.66
2021,"Cisco Systems, Inc.",CSCO,0.628
2021,"Thermo Fisher Scientific, Inc.",TMO,0.616
2021,"Verizon Communications, Inc.",VZ,0.612
2021,Intel Corp.,INTC,0.592
2021,Abbott Laboratories,ABT,0.574
2021,"PepsiCo, Inc.",PEP,0.569
2021,Coca-Cola Co.,KO,0.558
2021,Accenture PLC Class A,ACN,0.556
2021,"Walmart, Inc.",WMT,0.546
2021,"Broadcom, Inc.",AVGO,0.545
2021,Costco Wholesale Corp.,COST,0.544
2021,Chevron Corp.,CVX,0.537
2021,Danaher Corp.,DHR,0.53
2021,"AT&T, Inc.",T,0.528
2021,"AbbVie, Inc.",ABBV,0.522
2021,Wells Fargo & Co.,WFC,0.522
2021,"Merck & Co., Inc.",MRK,0.521
2021,"NIKE, Inc. Class B",NKE,0.508
2021,Eli Lilly & Co.,LLY,0.502
2021,McDonald's Corp.,MCD,0.493
2021,"Texas Instruments, Inc.",TXN,0.486
2021,Medtronic PLC,MDT,0.461
2021,"NextEra Energy, Inc.",NEE,0.422
2021,Linde PLC,LIN,0.415
2021,"Philip Morris International, Inc.",PM,0.405
2021,"Intuit, Inc.",INTU,0.404
2021,"Honeywell International, Inc.",HON,0.401
2021,"QUALCOMM, Inc.",QCOM,0.398
2021,Oracle Corp.,ORCL,0.393
2021,"Lowe's Cos., Inc.",LOW,0.393
2021,"Citigroup, Inc.",C,0.39
2021,Morgan Stanley,MS,0.389
2021,"Moderna, Inc.",MRNA,0.37
2021,"United Parcel Service, Inc. Class B",UPS,0.363
2021,Bristol-Myers Squibb Co.,BMY,0.36
2021,Starbucks Corp.,SBUX,0.356
2021,Raytheon Technologies Corp.,RTX,0.355
2021,Union Pacific Corp.,UNP,0.35
2021,"Goldman Sachs Group, Inc.",GS,0.349
2021,"Advanced Micro Devices, Inc.",AMD,0.342
2021,International Business Machines Corp.,IBM,0.341
2021,"ServiceNow, Inc.",NOW,0.338
2021,Boeing Co.,BA,0.332
2021,American Tower Corp. REIT,AMT,0.331
2021,"Amgen, Inc.",AMGN,0.331
2021,"BlackRock, Inc.",BLK,0.328
2021,"Intuitive Surgical, Inc.",ISRG,0.323
2021,"Applied Materials, Inc.",AMAT,0.322
2021,Target Corp.,TGT,0.31
2021,General Electric Co.,GE,0.31
2021,CVS Health Corp.,CVS,0.307
2021,Charles Schwab Corp.,SCHW,0.299
2021,American Express Co.,AXP,0.295
2021,"Caterpillar, Inc.",CAT,0.288
2021,"S&P Global, Inc.",SPGI,0.28
2021,3M Co.,MMM,0.278
2021,"Booking Holdings, Inc.",BKNG,0.267
2021,Deere & Co.,DE,0.261
2021,"Prologis, Inc. REIT",PLD,0.254
2021,"Charter Communications, Inc. Class A",CHTR,0.253
2021,"Zoetis, Inc.",ZTS,0.252
2021,"Anthem, Inc.",ELV,0.249
2021,ConocoPhillips,COP,0.249
2021,"Analog Devices, Inc.",ADI,0.247
2021,Stryker Corp.,SYK,0.242
2021,"Gilead Sciences, Inc.",GILD,0.24
2021,Lockheed Martin Corp.,LMT,0.233
2021,"Automatic Data Processing, Inc.",ADP,0.232
2021,"Altria Group, Inc.",MO,0.23
2021,"PNC Financial Services Group, Inc.",PNC,0.228
2021,"Mondelez International, Inc. Class A",MDLZ,0.223
2021,Lam Research Corp.,LRCX,0.222
2021,US Bancorp,USB,0.22
2021,"Micron Technology, Inc.",MU,0.219
2021,"TJX Cos., Inc.",TJX,0.218
2022,"Apple, Inc.",AAPL,6.928
2022,Microsoft Corp.,MSFT,5.765
2022,"Amazon.com, Inc.",AMZN,3.324
2022,"Tesla, Inc.",TSLA,2.345
2022,"Alphabet, Inc. Class A",GOOG,1.904
2022,"Alphabet, Inc. Class C",GOOG,1.711
2022,"Berkshire Hathaway, Inc. Class B",BRK.B,1.598
2022,"UnitedHealth Group, Inc.",UNH,1.568
2022,Johnson & Johnson,JNJ,1.426
2022,Exxon Mobil Corp.,XOM,1.208
2022,"Meta Platforms, Inc. Class A",META,1.027
2022,JPMorgan Chase & Co.,JPM,1.017
2022,NVIDIA Corp.,NVDA,1.009
2022,Procter & Gamble Co.,PG,1.002
2022,"Visa, Inc. Class A",V,0.964
2022,"Home Depot, Inc.",HD,0.941
2022,Chevron Corp.,CVX,0.859
2022,Eli Lilly & Co.,LLY,0.846
2022,"Pfizer, Inc.",PFE,0.815
2022,"Mastercard, Inc. Class A",MA,0.805
2022,"AbbVie, Inc.",ABBV,0.788
2022,"PepsiCo, Inc.",PEP,0.747
2022,"Merck & Co., Inc.",MRK,0.724
2022,Coca-Cola Co.,KO,0.723
2022,Bank of America Corp.,BAC,0.701
2022,Costco Wholesale Corp.,COST,0.694
2022,"Thermo Fisher Scientific, Inc.",TMO,0.66
2022,"Walmart, Inc.",WMT,0.614
2022,"Broadcom, Inc.",AVGO,0.595
2022,Walt Disney Co.,DIS,0.571
2022,McDonald's Corp.,MCD,0.563
2022,Abbott Laboratories,ABT,0.562
2022,Danaher Corp.,DHR,0.561
2022,"Cisco Systems, Inc.",CSCO,0.55
2022,Accenture PLC Class A,ACN,0.539
2022,"Verizon Communications, Inc.",VZ,0.529
2022,"NextEra Energy, Inc.",NEE,0.511
2022,Wells Fargo & Co.,WFC,0.506
2022,Bristol-Myers Squibb Co.,BMY,0.504
2022,"Salesforce, Inc.",CRM,0.475
2022,"Texas Instruments, Inc.",TXN,0.469
2022,Linde PLC,LIN,0.446
2022,ConocoPhillips,COP,0.432
2022,Comcast Corp. Class A,CMCSA,0.429
2022,"Adobe, Inc.",ADBE,0.427
2022,"Philip Morris International, Inc.",PM,0.427
2022,"QUALCOMM, Inc.",QCOM,0.421
2022,CVS Health Corp.,CVS,0.416
2022,Union Pacific Corp.,UNP,0.405
2022,Raytheon Technologies Corp.,RTX,0.401
2022,"Amgen, Inc.",AMGN,0.4
2022,"Lowe's Cos., Inc.",LOW,0.398
2022,"United Parcel Service, Inc. Class B",UPS,0.393
2022,"Honeywell International, Inc.",HON,0.373
2022,Charles Schwab Corp.,SCHW,0.364
2022,"AT&T, Inc.",T,0.363
2022,"Elevance Health, Inc.",ELV,0.363
2022,"Intuit, Inc.",INTU,0.362
2022,International Business Machines Corp.,IBM,0.356
2022,Medtronic PLC,MDT,0.356
2022,Intel Corp.,INTC,0.351
2022,Morgan Stanley,MS,0.351
2022,"NIKE, Inc. Class B",NKE,0.349
2022,"Netflix, Inc.",NFLX,0.348
2022,"S&P Global, Inc.",SPGI,0.345
2022,"Advanced Micro Devices, Inc.",AMD,0.34
2022,"Goldman Sachs Group, Inc.",GS,0.333
2022,American Tower Corp. REIT,AMT,0.332
2022,"PayPal Holdings, Inc.",PYPL,0.331
2022,Starbucks Corp.,SBUX,0.32
2022,"Automatic Data Processing, Inc.",ADP,0.312
2022,Deere & Co.,DE,0.309
2022,Oracle Corp.,ORCL,0.308
2022,Lockheed Martin Corp.,LMT,0.303
2022,"Caterpillar, Inc.",CAT,0.287
2022,Cigna Corp.,CI,0.281
2022,"BlackRock, Inc.",BLK,0.275
2022,American Express Co.,AXP,0.269
2022,"T-Mobile US, Inc.",TMUS,0.268
2022,"Citigroup, Inc.",C,0.268
2022,"Gilead Sciences, Inc.",GILD,0.257
2022,"ServiceNow, Inc.",NOW,0.253
2022,"Chubb, Ltd.",CB,0.252
2022,"Prologis, Inc. REIT",PLD,0.25
2022,"Mondelez International, Inc. Class A",MDLZ,0.249
2022,"Marsh & McLennan Cos., Inc.",MRSH,0.247
2022,"Vertex Pharmaceuticals, Inc.",VRTX,0.246
2022,"Regeneron Pharmaceuticals, Inc.",REGN,0.246
2022,"Analog Devices, Inc.",ADI,0.242
2022,"TJX Cos., Inc.",TJX,0.241
2022,"Altria Group, Inc.",MO,0.241
2022,Southern Co.,SO,0.24
2022,Duke Energy Corp.,DUK,0.237
2022,"Applied Materials, Inc.",AMAT,0.237
2022,"Zoetis, Inc.",ZTS,0.231
2022,Northrop Grumman Corp.,NOC,0.228
2022,Target Corp.,TGT,0.228
2022,Stryker Corp.,SYK,0.226
2022,Progressive Corp.,PGR,0.225
2022,General Electric Co.,GE,0.225
2023,"Apple, Inc.",AAPL,7.005
2023,Microsoft Corp.,MSFT,6.531
2023,"Amazon.com, Inc.",AMZN,3.213
2023,NVIDIA Corp.,NVDA,2.991
2023,"Alphabet, Inc. Class A",GOOG,2.162
2023,"Tesla, Inc.",TSLA,1.924
2023,"Meta Platforms, Inc. Class A",META,1.858
2023,"Alphabet, Inc. Class C",GOOG,1.853
2023,"Berkshire Hathaway, Inc. Class B",BRK.B,1.779
2023,Exxon Mobil Corp.,XOM,1.311
2023,"UnitedHealth Group, Inc.",UNH,1.3
2023,Eli Lilly & Co.,LLY,1.193
2023,JPMorgan Chase & Co.,JPM,1.174
2023,Johnson & Johnson,JNJ,1.044
2023,"Visa, Inc. Class A",V,1.029
2023,Procter & Gamble Co.,PG,0.957
2023,"Broadcom, Inc.",AVGO,0.954
2023,"Mastercard, Inc. Class A",MA,0.917
2023,"Home Depot, Inc.",HD,0.846
2023,Chevron Corp.,CVX,0.833
2023,"AbbVie, Inc.",ABBV,0.733
2023,"Merck & Co., Inc.",MRK,0.727
2023,Costco Wholesale Corp.,COST,0.697
2023,"PepsiCo, Inc.",PEP,0.649
2023,"Adobe, Inc.",ADBE,0.647
2023,"Walmart, Inc.",WMT,0.636
2023,"Cisco Systems, Inc.",CSCO,0.61
2023,Coca-Cola Co.,KO,0.607
2023,"Salesforce, Inc.",CRM,0.55
2023,"Thermo Fisher Scientific, Inc.",TMO,0.544
2023,Accenture PLC Class A,ACN,0.539
2023,McDonald's Corp.,MCD,0.535
2023,Bank of America Corp.,BAC,0.527
2023,"Pfizer, Inc.",PFE,0.521
2023,Comcast Corp. Class A,CMCSA,0.508
2023,Linde PLC,LIN,0.506
2023,Abbott Laboratories,ABT,0.468
2023,"Netflix, Inc.",NFLX,0.466
2023,Oracle Corp.,ORCL,0.464
2023,"Advanced Micro Devices, Inc.",AMD,0.463
2023,Danaher Corp.,DHR,0.454
2023,Wells Fargo & Co.,WFC,0.416
2023,Intel Corp.,INTC,0.414
2023,Walt Disney Co.,DIS,0.413
2023,"Texas Instruments, Inc.",TXN,0.402
2023,"Amgen, Inc.",AMGN,0.4
2023,"Philip Morris International, Inc.",PM,0.4
2023,ConocoPhillips,COP,0.399
2023,"Intuit, Inc.",INTU,0.398
2023,"Caterpillar, Inc.",CAT,0.388
2023,"Verizon Communications, Inc.",VZ,0.379
2023,International Business Machines Corp.,IBM,0.356
2023,Union Pacific Corp.,UNP,0.346
2023,"QUALCOMM, Inc.",QCOM,0.345
2023,"Honeywell International, Inc.",HON,0.342
2023,"Lowe's Cos., Inc.",LOW,0.339
2023,Bristol-Myers Squibb Co.,BMY,0.338
2023,General Electric Co.,GE,0.335
2023,"S&P Global, Inc.",SPGI,0.331
2023,"NIKE, Inc. Class B",NKE,0.326
2023,"Applied Materials, Inc.",AMAT,0.324
2023,"NextEra Energy, Inc.",NEE,0.323
2023,"ServiceNow, Inc.",NOW,0.317
2023,"United Parcel Service, Inc. Class B",UPS,0.314
2023,"Booking Holdings, Inc.",BKNG,0.306
2023,Boeing Co.,BA,0.303
2023,"AT&T, Inc.",T,0.299
2023,"Goldman Sachs Group, Inc.",GS,0.297
2023,RTX Corp.,RTX,0.292
2023,Starbucks Corp.,SBUX,0.291
2023,Medtronic PLC,MDT,0.29
2023,Morgan Stanley,MS,0.29
2023,"Prologis, Inc. REIT",PLD,0.289
2023,Deere & Co.,DE,0.287
2023,"Intuitive Surgical, Inc.",ISRG,0.286
2023,"Elevance Health, Inc.",ELV,0.286
2023,"TJX Cos., Inc.",TJX,0.284
2023,"Automatic Data Processing, Inc.",ADP,0.276
2023,"Mondelez International, Inc. Class A",MDLZ,0.263
2023,"Marsh & McLennan Cos., Inc.",MRSH,0.262
2023,"Gilead Sciences, Inc.",GILD,0.26
2023,Stryker Corp.,SYK,0.257
2023,Lockheed Martin Corp.,LMT,0.255
2023,"BlackRock, Inc.",BLK,0.253
2023,CVS Health Corp.,CVS,0.25
2023,"Vertex Pharmaceuticals, Inc.",VRTX,0.249
2023,"Regeneron Pharmaceuticals, Inc.",REGN,0.245
2023,"Analog Devices, Inc.",ADI,0.244
2023,American Express Co.,AXP,0.242
2023,Chubb Ltd.,CB,0.238
2023,Eaton Corp. PLC,ETN,0.237
2023,Cigna Group,CI,0.236
2023,Lam Research Corp.,LRCX,0.233
2023,Schlumberger NV,SLB,0.231
2023,Progressive Corp.,PGR,0.227
2023,Charles Schwab Corp.,SCHW,0.227
2023,"Zoetis, Inc.",ZTS,0.223
2023,"Citigroup, Inc.",C,0.221
2023,Boston Scientific Corp.,BSX,0.215
2023,American Tower Corp. REIT,AMT,0.213
2024,"Apple, Inc.",AAPL,7.279
2024,Microsoft Corp.,MSFT,6.571
2024,NVIDIA Corp.,NVDA,6.138
2024,"Amazon.com, Inc.",AMZN,3.576
2024,"Meta Platforms, Inc. Class A",META,2.57
2024,"Alphabet, Inc. Class A",GOOG,1.997
2024,"Berkshire Hathaway, Inc. Class B",BRK.B,1.732
2024,"Alphabet, Inc. Class C",GOOG,1.65
2024,"Broadcom, Inc.",AVGO,1.65
2024,"Tesla, Inc.",TSLA,1.492
2024,Eli Lilly & Co.,LLY,1.436
2024,JPMorgan Chase & Co.,JPM,1.233
2024,"UnitedHealth Group, Inc.",UNH,1.109
2024,Exxon Mobil Corp.,XOM,1.07
2024,"Visa, Inc. Class A",V,0.944
2024,Procter & Gamble Co.,PG,0.838
2024,"Mastercard, Inc. Class A",MA,0.837
2024,"Home Depot, Inc.",HD,0.826
2024,Costco Wholesale Corp.,COST,0.807
2024,Johnson & Johnson,JNJ,0.802
2024,"Walmart, Inc.",WMT,0.721
2024,"AbbVie, Inc.",ABBV,0.717
2024,"Netflix, Inc.",NFLX,0.625
2024,"Merck & Co., Inc.",MRK,0.592
2024,Coca-Cola Co.,KO,0.573
2024,Oracle Corp.,ORCL,0.56
2024,Bank of America Corp.,BAC,0.55
2024,"Advanced Micro Devices, Inc.",AMD,0.546
2024,"Salesforce, Inc.",CRM,0.545
2024,Chevron Corp.,CVX,0.515
2024,"Thermo Fisher Scientific, Inc.",TMO,0.485
2024,"PepsiCo, Inc.",PEP,0.48
2024,"Adobe, Inc.",ADBE,0.472
2024,Linde PLC,LIN,0.471
2024,Accenture PLC Class A,ACN,0.455
2024,McDonald's Corp.,MCD,0.449
2024,"Cisco Systems, Inc.",CSCO,0.441
2024,General Electric Co.,GE,0.42
2024,International Business Machines Corp.,IBM,0.419
2024,Abbott Laboratories,ABT,0.408
2024,Wells Fargo & Co.,WFC,0.395
2024,"Caterpillar, Inc.",CAT,0.39
2024,"QUALCOMM, Inc.",QCOM,0.389
2024,"Verizon Communications, Inc.",VZ,0.388
2024,"Philip Morris International, Inc.",PM,0.388
2024,"Texas Instruments, Inc.",TXN,0.387
2024,"ServiceNow, Inc.",NOW,0.378
2024,Danaher Corp.,DHR,0.367
2024,Walt Disney Co.,DIS,0.358
2024,"Intuitive Surgical, Inc.",ISRG,0.358
2024,"NextEra Energy, Inc.",NEE,0.357
2024,"Intuit, Inc.",INTU,0.357
2024,"Amgen, Inc.",AMGN,0.356
2024,"Applied Materials, Inc.",AMAT,0.344
2024,"S&P Global, Inc.",SPGI,0.34
2024,"Pfizer, Inc.",PFE,0.337
2024,Comcast Corp. Class A,CMCSA,0.332
2024,RTX Corp.,RTX,0.331
2024,"Uber Technologies, Inc.",UBER,0.324
2024,"AT&T, Inc.",T,0.324
2024,"Goldman Sachs Group, Inc.",GS,0.321
2024,"Lowe's Cos., Inc.",LOW,0.317
2024,American Express Co.,AXP,0.313
2024,Union Pacific Corp.,UNP,0.308
2024,Progressive Corp.,PGR,0.305
2024,"Booking Holdings, Inc.",BKNG,0.29
2024,"Honeywell International, Inc.",HON,0.277
2024,"TJX Cos., Inc.",TJX,0.273
2024,"BlackRock, Inc.",BLK,0.272
2024,Eaton Corp. PLC,ETN,0.271
2024,Morgan Stanley,MS,0.267
2024,Lockheed Martin Corp.,LMT,0.255
2024,Stryker Corp.,SYK,0.254
2024,Boston Scientific Corp.,BSX,0.254
2024,ConocoPhillips,COP,0.251
2024,"Elevance Health, Inc.",ELV,0.248
2024,"Vertex Pharmaceuticals, Inc.",VRTX,0.247
2024,"Citigroup, Inc.",C,0.245
2024,"Prologis, Inc. REIT",PLD,0.24
2024,Medtronic PLC,MDT,0.237
2024,"Micron Technology, Inc.",MU,0.236
2024,"Analog Devices, Inc.",ADI,0.235
2024,"Automatic Data Processing, Inc.",ADP,0.232
2024,"Regeneron Pharmaceuticals, Inc.",REGN,0.229
2024,"Palo Alto Networks, Inc.",PANW,0.227
2024,Starbucks Corp.,SBUX,0.227
2024,"Blackstone, Inc.",BX,0.227
2024,"Marsh & McLennan Cos., Inc.",MRSH,0.225
2024,American Tower Corp. REIT,AMT,0.223
2024,Chubb Ltd.,CB,0.223
2024,Deere & Co.,DE,0.22
2024,Lam Research Corp.,LRCX,0.219
2024,"NIKE, Inc. Class B",NKE,0.218
2024,Bristol-Myers Squibb Co.,BMY,0.216
2024,KLA Corp.,KLAC,0.214
2024,"Gilead Sciences, Inc.",GILD,0.214
2024,"Fiserv, Inc.",FISV,0.212
2024,"T-Mobile U.S., Inc.",TMUS,0.208
2024,Intel Corp.,INTC,0.206
2024,"United Parcel Service, Inc. Class B",UPS,0.205
2025,NVIDIA Corp.,NVDA,7.984
2025,Microsoft Corp.,MSFT,6.752
2025,"Apple, Inc.",AAPL,6.627
2025,"Amazon.com, Inc. ",AMZN,3.737
2025,"Meta Platforms, Inc. Class A",META,2.793
2025,"Broadcom, Inc.",AVGO,2.721
2025,"Alphabet, Inc. Class A",GOOG,2.48
2025,"Tesla, Inc. ",TSLA,2.188
2025,"Alphabet, Inc. Class C",GOOG,1.994
2025,"Berkshire Hathaway, Inc. Class B ",BRK.B,1.617
2025,JPMorgan Chase & Co.,JPM,1.521
2025,Eli Lilly & Co.,LLY,1.064
2025,"Visa, Inc. Class A",V,1.017
2025,"Netflix, Inc. ",NFLX,0.893
2025,Exxon Mobil Corp.,XOM,0.843
2025,"Mastercard, Inc. Class A",MA,0.823
2025,Oracle Corp.,ORCL,0.817
2025,"Walmart, Inc.",WMT,0.793
2025,Johnson & Johnson,JNJ,0.783
2025,"Palantir Technologies, Inc. Class A ",PLTR,0.727
2025,Costco Wholesale Corp.,COST,0.72
2025,"AbbVie, Inc.",ABBV,0.717
2025,"Home Depot, Inc.",HD,0.707
2025,Procter & Gamble Co.,PG,0.631
2025,Bank of America Corp.,BAC,0.616
2025,General Electric Co.,GE,0.559
2025,"UnitedHealth Group, Inc.",UNH,0.548
2025,Chevron Corp.,CVX,0.525
2025,"Cisco Systems, Inc.",CSCO,0.475
2025,Wells Fargo & Co.,WFC,0.471
2025,International Business Machines Corp.,IBM,0.461
2025,"Advanced Micro Devices, Inc. ",AMD,0.46
2025,Coca-Cola Co.,KO,0.45
2025,"Philip Morris International, Inc.",PM,0.443
2025,"Goldman Sachs Group, Inc.",GS,0.423
2025,Abbott Laboratories,ABT,0.409
2025,"Salesforce, Inc.",CRM,0.397
2025,RTX Corp.,RTX,0.393
2025,"Caterpillar, Inc.",CAT,0.392
2025,Linde PLC,LIN,0.391
2025,McDonald's Corp.,MCD,0.38
2025,"Merck & Co., Inc.",MRK,0.368
2025,Walt Disney Co.,DIS,0.361
2025,"Uber Technologies, Inc. ",UBER,0.358
2025,"AT&T, Inc.",T,0.354
2025,AppLovin Corp. Class A ,APP,0.341
2025,Morgan Stanley,MS,0.338
2025,"PepsiCo, Inc.",PEP,0.337
2025,"ServiceNow, Inc. ",NOW,0.336
2025,"Intuit, Inc.",INTU,0.334
2025,"Micron Technology, Inc.",MU,0.328
2025,"Citigroup, Inc.",C,0.328
2025,"Verizon Communications, Inc.",VZ,0.325
2025,"Thermo Fisher Scientific, Inc.",TMO,0.321
2025,American Express Co.,AXP,0.316
2025,"QUALCOMM, Inc.",QCOM,0.315
2025,"Booking Holdings, Inc.",BKNG,0.307
2025,Lam Research Corp.,LRCX,0.297
2025,"Blackrock, Inc.",BLK,0.294
2025,"GE Vernova, Inc.",GEV,0.293
2025,"Texas Instruments, Inc.",TXN,0.293
2025,"Applied Materials, Inc.",AMAT,0.288
2025,Boeing Co. ,BA,0.286
2025,Charles Schwab Corp.,SCHW,0.286
2025,"TJX Cos., Inc.",TJX,0.283
2025,"Intuitive Surgical, Inc. ",ISRG,0.281
2025,"NextEra Energy, Inc.",NEE,0.273
2025,Accenture PLC Class A,ACN,0.269
2025,"S&P Global, Inc.",SPGI,0.267
2025,"Amgen, Inc.",AMGN,0.266
2025,Amphenol Corp. Class A,APH,0.265
2025,"Arista Networks, Inc. ",ANET,0.263
2025,"Adobe, Inc. ",ADBE,0.262
2025,Intel Corp. ,INTC,0.258
2025,Eaton Corp. PLC,ETN,0.255
2025,"Pfizer, Inc.",PFE,0.254
2025,Progressive Corp.,PGR,0.254
2025,Boston Scientific Corp. ,BSX,0.254
2025,KLA Corp.,KLAC,0.25
2025,"Lowe's Cos., Inc.",LOW,0.247
2025,Union Pacific Corp.,UNP,0.246
2025,"Gilead Sciences, Inc.",GILD,0.241
2025,"Palo Alto Networks, Inc. ",PANW,0.238
2025,Capital One Financial Corp.,COF,0.238
2025,"Honeywell International, Inc.",HON,0.234
2025,Stryker Corp.,SYK,0.223
2025,Danaher Corp.,DHR,0.221
2025,"Blackstone, Inc.",BX,0.221
2025,"Crowdstrike Holdings, Inc. Class A ",CRWD,0.214
2025,Medtronic PLC,MDT,0.214
2025,"Analog Devices, Inc.",ADI,0.214
2025,"Welltower, Inc. REIT",WELL,0.209
2025,"Automatic Data Processing, Inc.",ADP,0.208
2025,ConocoPhillips,COP,0.207
2025,Comcast Corp. Class A,CMCSA,0.203
2025,"T-Mobile U.S., Inc.",TMUS,0.203
2025,Deere & Co.,DE,0.202
2025,"Altria Group, Inc.",MO,0.195
2025,"Robinhood Markets, Inc. Class A ",HOOD,0.194
2025,"Prologis, Inc. REIT",PLD,0.186
2026,NVIDIA CORP,NVDA,8.158692
2026,APPLE INC,AAPL,7.440639
2026,MICROSOFT CORP,MSFT,5.56136
2026,AMAZON.COM INC,AMZN,3.777349
2026,ALPHABET INC CL A,GOOGL,3.110956
2026,BROADCOM INC,AVGO,2.575973
2026,ALPHABET INC CL C,GOOG,2.483125
2026,META PLATFORMS INC CLASS A,META,2.225033
2026,MICRON TECHNOLOGY INC,MU,1.740161
2026,TESLA INC,TSLA,1.556985
2026,BERKSHIRE HATHAWAY INC CL B,BRK.B,1.440074
2026,JPMORGAN CHASE + CO,JPM,1.409668
2026,ELI LILLY + CO,LLY,1.399288
2026,ADVANCED MICRO DEVICES,AMD,1.386003
2026,EXXONMOBIL HOLDINGS CORP,XOM,1.019807
2026,JOHNSON + JOHNSON,JNJ,0.986724
2026,VISA INC CLASS A SHARES,V,0.951972
2026,INTEL CORP,INTC,0.818519
2026,WALMART INC,WMT,0.72147
2026,ABBVIE INC,ABBV,0.70732
2026,MASTERCARD INC   A,MA,0.693265
2026,CISCO SYSTEMS INC,CSCO,0.654504
2026,CHEVRON CORP,CVX,0.62788
2026,PALANTIR TECHNOLOGIES INC A,PLTR,0.619922
2026,COSTCO WHOLESALE CORP,COST,0.602054
2026,BANK OF AMERICA CORP,BAC,0.569268
2026,CATERPILLAR INC,CAT,0.563871
2026,MERCK + CO. INC.,MRK,0.549428
2026,LAM RESEARCH CORP,LRCX,0.546839
2026,APPLIED MATERIALS INC,AMAT,0.535183
2026,COCA COLA CO/THE,KO,0.518145
2026,PROCTER + GAMBLE CO/THE,PG,0.515937
2026,UNITEDHEALTH GROUP INC,UNH,0.512949
2026,GENERAL ELECTRIC,GE,0.494402
2026,HOME DEPOT INC,HD,0.453829
2026,NETFLIX INC,NFLX,0.453233
2026,PALO ALTO NETWORKS INC,PANW,0.449461
2026,PHILIP MORRIS INTERNATIONAL,PM,0.44573
2026,GOLDMAN SACHS GROUP INC,GS,0.416031
2026,SANDISK CORP,SNDK,0.396791
2026,RTX CORP,RTX,0.396596
2026,WELLS FARGO + CO,WFC,0.394826
2026,ORACLE CORP,ORCL,0.38696
2026,GE VERNOVA INC,GEV,0.379676
2026,TEXAS INSTRUMENTS INC,TXN,0.369362
2026,CROWDSTRIKE HOLDINGS INC   A,CRWD,0.366889
2026,MORGAN STANLEY,MS,0.366581
2026,THERMO FISHER SCIENTIFIC INC,TMO,0.36517
2026,KLA CORP,KLAC,0.350758
2026,CITIGROUP INC,C,0.335074
2026,INTL BUSINESS MACHINES CORP,IBM,0.328035
2026,MARVELL TECHNOLOGY INC,MRVL,0.32475
2026,LINDE PLC,LIN,0.321721
2026,ARISTA NETWORKS INC,ANET,0.316599
2026,AMGEN INC,AMGN,0.316302
2026,VERIZON COMMUNICATIONS INC,VZ,0.302869
2026,SALESFORCE INC,CRM,0.295622
2026,SEAGATE TECHNOLOGY HOLDINGS,STX,0.295237
2026,AMPHENOL CORP CL A,APH,0.289879
2026,QUALCOMM INC,QCOM,0.287916
2026,GILEAD SCIENCES INC,GILD,0.282129
2026,ANALOG DEVICES INC,ADI,0.277382
2026,ABBOTT LABORATORIES,ABT,0.269318
2026,WALT DISNEY CO/THE,DIS,0.268708
2026,PEPSICO INC,PEP,0.26843
2026,MCDONALD S CORP,MCD,0.266255
2026,AT+T INC,T,0.263806
2026,DELL TECHNOLOGIES  C,DELL,0.260471
2026,DEERE + CO,DE,0.260255
2026,SCHWAB (CHARLES) CORP,SCHW,0.259316
2026,NEXTERA ENERGY INC,NEE,0.254909
2026,UNION PACIFIC CORP,UNP,0.251946
2026,EATON CORP PLC,ETN,0.250538
2026,WELLTOWER INC,WELL,0.250212
2026,AMERICAN EXPRESS CO,AXP,0.248925
2026,WESTERN DIGITAL CORP,WDC,0.241367
2026,CONOCOPHILLIPS,COP,0.240222
2026,PFIZER INC,PFE,0.239351
2026,BOEING CO/THE,BA,0.237614
2026,BLACKROCK INC,BLK,0.233703
2026,UBER TECHNOLOGIES INC,UBER,0.218422
2026,TJX COMPANIES INC,TJX,0.213207
2026,SERVICENOW INC,NOW,0.21244
2026,INTUITIVE SURGICAL INC,ISRG,0.210767
2026,US DOLLAR,-,0.20872
2026,DANAHER CORP,DHR,0.201011
2026,NEWMONT CORP,NEM,0.197046
2026,BRISTOL MYERS SQUIBB CO,BMY,0.195486
2026,VERTEX PHARMACEUTICALS INC,VRTX,0.195429
2026,PROLOGIS INC,PLD,0.194369
2026,BOOKING HOLDINGS INC,BKNG,0.191162
2026,PROGRESSIVE CORP,PGR,0.188255
2026,CAPITAL ONE FINANCIAL CORP,COF,0.188175
2026,S+P GLOBAL INC,SPGI,0.185673
2026,CHUBB LTD,CB,0.181202
2026,MARATHON PETROLEUM CORP,MPC,0.180787
2026,PARKER HANNIFIN CORP,PH,0.180603
2026,VALERO ENERGY CORP,VLO,0.180488
2026,CORNING INC,GLW,0.180464
2026,MEDTRONIC PLC,MDT,0.178684
