fecha,rf,MERCADO,VALUE,TAMANO,MOMENTUM,VOLATILIDAD,LIQUIDEZ
2010-01-31,4.166666728754839e-05,-0.0370159123595497,,-0.0010821200682195886,-0.05873138534076554,-0.02891411669299926,0.025139595364884387
2010-02-28,5.833333358168602e-05,0.028455355712963922,,0.024680424054727954,0.028615096042438795,-0.03261361375064681,-0.0033750924440582065
2010-03-31,9.583333507180216e-05,0.058700592210426,,0.015439223980168115,0.05075022665260221,-0.054891067499882096,-0.0014500941451986993
2010-04-30,0.00012500000496705376,0.0146342304770455,,0.018333452315574275,0.02700986578494623,-0.02974613948655457,0.012432410625383264
2010-05-31,0.00012916666766007743,-0.08210500874085028,,0.015035873788498758,-0.023121675838252864,0.022476798590616243,-0.025130271274309654
2010-06-30,0.00012500000496705376,-0.0540074422448059,,-0.012274943832654824,-0.04529283153043128,0.03785685013610987,0.006178390232740721
2010-07-31,0.00014166666815678273,0.06863618290647884,,0.0277332632030053,0.030228949465919336,-0.03548939367805426,-0.01393529288539265
2010-08-31,0.00011666666716337199,-0.047565850299768016,,0.020771452552473386,0.0013774902943743603,0.05296124231470363,-0.021180591298659082
2010-09-30,0.00011250000447034834,0.08743860304666477,,0.0056865918691897666,0.012058746731753223,-0.04352907476311402,-0.015285319291404514
2010-10-31,0.00012916666766007743,0.03672682736788055,,-0.005450149896506697,-0.010906647608336612,-0.039303410760501235,0.003119797040105954
2010-11-30,9.166666616996133e-05,-0.0023819164127466172,,0.023948908354363602,0.009725609194988737,-0.0253078441464031,-0.00964384912624501
2010-12-31,0.0001333333303531011,0.06516670701680242,0.07094065572778772,-0.00427708909394843,-0.034128452873771184,-0.04520453959958327,-0.0009818950090946313
2011-01-31,9.583333507180216e-05,0.02254974102406736,-0.009961780089138153,0.0021372292895894436,1.3026385529406326e-05,-0.02885352119796452,-0.009762589770407297
2011-02-28,0.00012083332985639575,0.031835730398236575,-0.051627223424221116,0.013531286014354427,0.03436385979906377,0.0004620489962296227,0.01757545303114368
2011-03-31,0.00011250000447034834,-0.0011598129436365045,0.010563953890329771,0.02472289423847431,0.010504191012453232,0.0160453948123487,-0.018381641809888875
2011-04-30,7.500000298023224e-05,0.02842038066355511,-0.005855450845853791,0.013601061933004966,-0.009037036389521788,0.037015043274097,-0.006921416209124925
2011-05-31,3.3333332588275274e-05,-0.013534286227811181,-0.003069325134191135,0.02335926485832952,-0.017482206316814207,0.05276853296131309,-0.03305701518979326
2011-06-30,3.3333332588275274e-05,-0.018290794985067266,-0.021610037252776753,0.011721676881194862,0.025520317672384597,0.007456419824621086,-0.013422016571520477
2011-07-31,1.2499999720603225e-05,-0.02148692530638715,-0.0031345946371792513,-0.014209544423806543,-0.01170082694677279,-0.0016624464435792737,-0.03402576486704541
2011-08-31,7.500000298023224e-05,-0.05686610795530868,-0.025434727546073607,0.010643631641925978,-0.009043847119053226,0.09431620079525051,-0.02612772862791432
2011-09-30,1.2499999720603225e-05,-0.07177448808061788,-0.03418393580471648,0.005732954494335127,-0.011540054132776145,0.10542849558817136,-0.033205980153348566
2011-10-31,8.333333147068818e-06,0.10771470510429484,0.06341213034898804,0.03483111813935057,-0.027885309328861088,-0.13789826028652566,0.027722768409959728
2011-11-30,4.166666573534409e-06,-0.005062881773584925,-0.01756232320006142,0.005224186593009392,0.02448409660674443,0.03297261097744551,0.012823894412881141
2011-12-31,1.2499999720603225e-05,0.008520263666915974,0.0043752821035701415,-0.027713053911670386,0.029402000148015785,0.05091413791241339,-0.014501134719861732
2012-01-31,4.166666573534409e-06,0.04357889603841182,0.04838799884630251,0.041294919697917265,-0.09408500617645031,-0.12556539545244705,-0.015300354368562127
2012-02-29,4.583333308498066e-05,0.04054363043503225,0.0068260988260107,-0.010616594672721205,0.0030905155182414656,-0.01528229185237464,-0.0007623386122700467
2012-03-31,6.250000248352687e-05,0.03126981452895795,-0.028911215592548806,0.009652420978368367,0.018394862579425672,0.011114819712840018,-0.02631838990690644
2012-04-30,5.416666467984518e-05,-0.0075516190371755065,-0.020814155865749882,0.024782337409433426,0.03498807154968477,0.019154838312069614,-0.013887675810548901
2012-05-31,7.500000298023224e-05,-0.0627257257175239,-0.03235635210799948,-0.01511605125571644,0.04742055343021192,0.10197430650245631,-0.01594302370153998
2012-06-30,4.999999888241291e-05,0.039504982229453894,0.0005770008448996167,-0.013360089927611729,0.012095131922651183,0.009393903548083532,0.008418184144804546
2012-07-31,6.666666517655055e-05,0.012530907539610692,-0.007270973288472222,-0.015336788390665625,0.014605241848936096,0.021041648249508015,0.0008904757011862462
2012-08-31,8.333333457509675e-05,0.019680036171511272,0.024144509762045532,0.01173271091255568,-0.030414882904657693,-0.049109609419182895,-0.017648201611322842
2012-09-30,7.083333407839139e-05,0.024165320283696255,0.007016588248081896,-0.004219509925259466,0.004940797967822846,-0.0028324246045878937,-0.021718710576067612
2012-10-31,7.500000298023224e-05,-0.019864409719273515,0.023478878527028138,0.019478784214932012,-0.010754382847674526,-0.010304804853846765,-0.016339344835416065
2012-11-30,8.749999726812042e-05,0.002759216687774651,-0.0497900490499822,0.020295843543552107,0.02583070185238539,-0.021200277831538012,-0.010874203065607083
2012-12-31,6.250000248352687e-05,0.007005730953800867,0.018464297322911286,0.0023067772956918376,-0.01536577194694678,-0.026273241092138418,-0.01294542773855428
2013-01-31,2.916666679084301e-05,0.05039892980007779,-0.00907109573046367,0.030386784486944443,-0.018549729016722673,-0.011044732502995369,-0.014195536176464279
2013-02-28,5.416666467984518e-05,0.011006482100362135,-0.022852130347071842,0.00043432798263610614,0.005768015770358438,0.020071049448832427,-0.008695630840451142
2013-03-31,8.333333457509675e-05,0.03590439064829766,-0.014190893444001318,0.018684751245250167,0.0022162569151145603,0.02416868185955841,-0.03987490024496808
2013-04-30,5.416666467984518e-05,0.01803160111520973,-0.0018859925270835465,-0.002013105089637448,-0.0003767689132158497,0.006289691338944747,4.562716190857456e-05
2013-05-31,3.750000149011612e-05,0.02072531168156793,0.014371875076690015,0.030243198510036155,0.005749221037478852,-0.08068657132391219,-0.010193598771680523
2013-06-30,2.4999999441206457e-05,-0.015024301595022034,-0.011537232814448267,0.012220319819546925,-0.018241676667012718,0.01249322319913629,-0.0017929797178648788
2013-07-31,2.4999999441206457e-05,0.04943707991364417,0.007159903237885797,0.02204302653367693,0.022793724134042383,-0.012301596151657185,-0.015304154771146177
2013-08-31,2.4999999441206457e-05,-0.03132301947878517,-0.013834119655616508,0.012891322982340556,-0.003516971612056781,-0.012960418055444432,-0.01656786190244866
2013-09-30,1.6666666294137633e-05,0.029732856592901195,-0.029782127776017964,0.017331716820669155,0.012963616405707923,-0.007309598109762859,-0.007893755964099953
2013-10-31,4.166666573534409e-06,0.044591586095371186,-0.02712115301380546,0.00597511964960401,0.007053961848554849,-0.008289265125194852,-0.009414251428880804
2013-11-30,2.7499999850988393e-05,0.02802197136747773,0.00029577267592074963,-0.005617655292447628,0.01984353409742919,-0.018270912928619383,0.002435611931157544
2013-12-31,4.583333308498066e-05,0.02351695864236077,0.01431018716504543,0.005654223655937023,-0.008065474265035835,0.005392829937497914,-0.010534654857984828
2014-01-31,5.250000084439913e-05,-0.03563540595665599,-0.018677669827983995,0.015669619299828474,0.014115257706056004,-0.027595048363192803,-0.015092578310758373
2014-02-28,8.333333147068818e-06,0.04310869684501475,-0.010688538972052623,0.020990131388543817,0.014019691720237086,-0.007438142451215775,-0.022874883237585568
2014-03-31,3.58333345502615e-05,0.006896332083676571,0.06173598851885043,0.0042777585979860006,-0.03546343900017328,0.030738564699047854,0.003186354264236038
2014-04-30,2.3333334053556123e-05,0.006177455819360821,0.018615476008265148,0.00019945574169575458,-0.05126586722595222,0.020811853081927487,-0.00676075965030775
2014-05-31,1.6666666294137633e-05,0.02101361340698609,-0.009929903056088586,0.022238975516899358,0.03188308467759149,-0.018236487790419514,-0.014389337605723213
2014-06-30,2.4999999441206457e-05,0.01903333175002915,0.015867473563406488,0.010082606121486318,0.0032177488367831214,-0.007026346627681362,-0.017619872454110567
2014-07-31,1.6666666294137633e-05,-0.015096497511636728,0.00508740578406037,-0.0004444182963254705,0.0062307169120662045,-0.03013466678709917,-0.030299223965260295
2014-08-31,1.4999999354283019e-05,0.03764029558047144,0.00413672788909232,-0.011487245163509484,0.003248846601195614,0.003563405011487747,-0.020521972020968032
2014-09-30,1.4999999354283019e-05,-0.015528837248808493,-0.018341617715850987,-0.014236718595445225,-0.011538939819336567,0.010139134101059854,0.004288055644659266
2014-10-31,1.083333355685075e-05,0.023190627333646227,-0.036243727236908205,0.012716585081115984,-0.016357283558904555,0.029049218170187293,-0.01630747705607112
2014-11-30,2.50000002173086e-06,0.02453108864629321,-0.02956183541655978,-0.0062771237113496,-0.02090677180688734,0.03971947494184489,-0.018404387262553695
2014-12-31,4.166666573534409e-06,-0.004192754182570578,0.01247558382895345,0.013095383486814702,0.008823174434765204,0.006462179437692495,-0.010723129669194064
2015-01-31,3.083333373069763e-05,-0.03107163917214132,-0.06095724757656784,0.02963388617221977,0.024458622210283602,-0.0193116943801422,-0.00397148971597039
2015-02-28,4.166666573534409e-06,0.05488834422404977,0.034407770073384095,0.003385542525679276,-0.02291384866234021,-0.02651708363044681,-0.009674602414630286
2015-03-31,6.6666669833163425e-06,-0.017402773781202887,-0.01916233660574184,0.009594307784632588,0.010225419895672307,0.0074651124912120375,-0.013473923572118946
2015-04-30,2.0833333643774194e-05,0.008499986488891501,0.0193559431849677,-0.017740412646515116,-0.04439062720379038,-0.0644735205343619,0.008058010840932738
2015-05-31,4.166666573534409e-06,0.010487215638016257,-0.004159747295968894,0.010518795099672944,0.034975741517028064,0.004180094503917937,-0.01951397254103504
2015-06-30,2.50000002173086e-06,-0.021014171979751705,-0.029758979637262997,0.000569635593404904,0.025521685090129486,-0.00024772669791800483,-0.01269805015798727
2015-07-31,8.333333147068818e-06,0.019733696102037814,-0.05769368067046617,0.008136958188957315,0.03899476903200987,0.022081695562444433,-0.015744886969076596
2015-08-31,4.83333319425583e-05,-0.06262915158780792,-0.011825770236711525,0.022126413272174662,-0.010867714636353366,-0.009666942225889902,-0.012623556276230515
2015-09-30,2.50000002173086e-06,-0.02644533128002342,-0.02080504630383257,0.009957681968352295,0.013435792230658938,0.026088773938753737,-0.009102053340402354
2015-10-31,4.166666573534409e-06,0.08297895114609301,-0.008621932090323525,-0.02146787586455788,0.0017956553893956062,-0.04372952397361764,0.015408911078594177
2015-11-30,5.6666669746239976e-05,0.00044820244058863125,-0.0020563418337122387,-0.006068451261420511,0.014040784041174967,-0.0041669452316443955,-0.0036066100461572934
2015-12-31,0.00014166666815678273,-0.01767185170084933,-0.026536852465556066,-0.012635836940336567,0.027217392052367277,0.023654882536800974,0.00715844281296317
2016-01-31,0.0001233333349227905,-0.05085865538187509,-0.05415183958803492,0.002977761010622755,-0.025911010990617576,0.05475584303881985,0.013873339658426742
2016-02-29,0.0002500000099341075,-0.00437836031893765,0.01904183673602558,0.02115488974537138,-0.029498763937081326,-0.0008244403728310575,-0.009879672513787408
2016-03-31,0.00025666666527589157,0.06573444777478256,0.007393776541829052,-0.0003919105561853292,-0.010988085336425868,-0.0056758840931220925,-0.011224110856260279
2016-04-30,0.00016083333641290666,0.002538564946919637,0.007451301299750851,0.025707984629021536,-0.0495004947087776,-0.032505129878485146,-0.020483693693762246
2016-05-31,0.00016083333641290666,0.015163769188875537,0.010411555561006295,-0.00907958104338529,0.01204562269316313,-0.003177031116731859,-0.0036518414332372398
2016-06-30,0.0002358333269755046,0.0006750879131488692,-0.04628669609166518,-0.0014398362246437393,0.051487655507093825,0.05506150083269154,-0.003611729033216035
2016-07-31,0.00020666666328907017,0.035403134090026364,0.028265309440162978,0.003772303141130501,-0.024925842774757845,-0.029965523180530765,-0.006501405373127246
2016-08-31,0.00019999999552965166,-0.0014192428945489644,0.04892202788691144,0.014805909791034558,-0.03979161402751712,-0.027963913424977976,-0.02216514581501832
2016-09-30,0.0002666666607062022,-0.0015011178000235075,-0.024091230131852145,0.013614190725162057,-0.00036492160646628814,-0.022799316473332634,0.0020201219308628986
2016-10-31,0.00021666665871938063,-0.019642345567753842,0.021080690488512112,0.009326608250774264,-0.02528413904700448,-0.017504103212509097,-0.009157281275221203
2016-11-30,0.0002458333224058151,0.03392868850688922,0.1116450078176784,-0.0036994679050987057,-0.06655733833485046,-0.0756066045707879,0.0023592233471754903
2016-12-31,0.00038999999562899275,0.017810762446236864,0.014975997154952627,-0.019243096667601687,-0.0020831651607188077,0.0030083851612587517,0.004536998909195811
2017-01-31,0.00039999999105930326,0.01748435820732322,-0.03776126472731369,0.018835873115765463,-0.005187606647563223,-0.015012495968504496,-0.019354966444911914
2017-02-28,0.0004166666666666667,0.03678149340014964,0.01265251333497256,-0.006964085221043331,-0.022167616879114498,0.003277085155100473,-0.00981259301278936
2017-03-31,0.0004358333349227905,-0.0008250304701922051,-0.03504733154213077,0.0061545805171550885,-0.006029837253796303,-0.0010317429739058232,-0.00934476097837708
2017-04-30,0.0006149999797344208,0.008476208769120187,-0.02478811979090394,0.00405854998092332,-0.010725908545587212,0.010357321871256594,-0.016057948012704437
2017-05-31,0.0006499999761581421,0.01092625127017052,-0.05598182034629103,0.031155399727877436,0.02930745423396695,0.002143982318425426,-0.004985721337733189
2017-06-30,0.0007916666567325592,0.004022108551080006,0.050499918665499854,0.010745972458991448,-0.008577083520346179,-0.021986209782416867,-0.005163822249913406
2017-07-31,0.0008274999757607778,0.018521326025341105,-0.011409499982966038,0.010054804600971756,0.042246169945332035,0.007534093491911548,-0.0516610370831342
2017-08-31,0.000877499977747599,-0.00033106695789435604,0.007784045968292532,0.004876523816842818,0.0028246619689580787,0.0009741652413425956,0.003815780046806133
2017-09-30,0.0008149999876817068,0.018487978574485964,0.02414938539448307,0.0267068739712391,-0.001051203719922334,-0.02412918296221209,-0.0026586498015640104
2017-10-31,0.0008566666642824809,0.021331468401868767,-0.007291301661523253,0.018128155020857288,0.06973100776877507,0.00517271671090417,-0.037365846051667956
2017-11-30,0.0009358333547910058,0.027146794451772337,0.026423815545470707,0.009667697121707768,-0.005312492878045048,0.002304044307824195,-0.0091669561359917
2017-12-31,0.001031666696071625,0.008799963898198877,0.003187854670637754,-0.0155283071030839,-0.016398905567956267,-0.010294433753955726,-0.010650365177701886
2018-01-31,0.0011291666825612385,0.05504953744296693,-0.046901464705031884,0.022607780767511416,0.06869356043501543,-0.035291768710691666,-0.026754746309762333
2018-02-28,0.0011916666229565942,-0.040139038502324295,-0.014199351960412724,-0.009237275526277455,0.05353751026440019,-0.023118749187390195,-0.011419252957647901
2018-03-31,0.0013483333587646484,-0.02823283195932129,-0.014610784525484028,0.03481759529806866,-0.01800072770639295,0.005285773101053302,-0.002446038443943482
2018-04-30,0.00139166663090388,0.0013271083644644426,-0.017132838512826046,0.021451662296163986,0.024381668867733127,-0.04757251655150477,-0.00013222624207055375
2018-05-31,0.0014691666762034102,0.02013917517838019,-0.04350896761613299,0.0007771676351917833,0.034675937920760236,-0.02622986221558932,-0.0227932143983157
2018-06-30,0.0015583333373069767,0.0032841029303008534,-0.005707272896411516,0.006516961239007465,-0.008603059179364223,-0.014085853165438806,0.019253787916917238
2018-07-31,0.0015666666626930233,0.03445488951020613,0.01348596120987354,0.013043769226473732,-0.044315164404863494,0.010146570960452829,0.004498597553392016
2018-08-31,0.001654166678587596,0.028609044598160653,-0.019283597071497464,-0.0010676123765072792,0.054975651857179716,0.004252111736346709,-0.017164975706241807
2018-09-30,0.0017125000556310018,0.0025817873708307605,-0.016714776900033188,0.006764441577231181,0.007752906395522509,0.004949907812724119,-0.017482898454299428
2018-10-31,0.0017916667461395268,-0.07119502283983582,0.052574196879339334,-0.009112146409253001,-0.02892495866739795,0.03190566186379114,0.017848260961596876
2018-11-30,0.0018983334302902224,0.015961023224489557,-0.01277032279673233,0.012572627824492373,-0.005163159548095014,0.018727530840204412,0.03228484579764475
2018-12-31,0.001923333406448364,-0.09370022808642088,-0.03957406713346763,-0.009007876999339207,0.03202014224617902,0.012314371487980189,-0.012060554216402442
2019-01-31,0.001916666626930237,0.07676773503889589,-0.0002769625695207001,0.02006608472886401,-0.020359527337310487,-0.05799836230745514,-0.028695013474509555
2019-02-28,0.0019499999284744267,0.02777888941545272,-0.011835393375064597,0.002034483018071541,0.02221670099271033,0.009242321446293573,-0.006790403450873124
2019-03-31,0.001985833247502645,0.015938423002085842,-0.022783449953503843,-0.003772605589592491,0.013060788437570685,0.0247795616746111,-0.00899307073248453
2019-04-30,0.001940000057220459,0.03737349825651752,0.007001913004629962,-0.008683157514748685,-0.044148272918477144,-0.034618506996419565,-0.014132502762999526
2019-05-31,0.0019733333587646485,-0.06775106472560005,-0.028994707977580872,0.030700137263919652,0.025436987844479626,0.07362950064555254,-0.05192369570006397
2019-06-30,0.0019108333190282184,0.06701933067921248,0.0064858402365362,-0.00244022597533948,-0.020454211575091273,-0.022952378169094498,-0.014095192996701342
2019-07-31,0.0016958334048589067,0.011432318762099044,0.012604641640133632,0.00949884704056593,-0.008384478334522634,-0.0010267652876028675,-0.0016487600341128106
2019-08-31,0.0016916666428248093,-0.019783293883348742,-0.055203341752860485,0.03547783154615953,0.07111024697656211,0.06274970127228603,-0.031094015109679435
2019-09-30,0.00161083330710729,0.015570344623913407,0.04485845057654008,-0.009965707069479145,-0.032499548184383394,-0.026730442050083947,0.016860449106804336
2019-10-31,0.0014749999841054283,0.01895677052957863,0.03144254061168279,0.000970452714268974,-0.0541214971548058,-0.032897092551209324,-0.02568604614654716
2019-11-30,0.0012483333547910057,0.0327987043597089,0.007919978218116595,-0.0030636963402723393,-0.05064157856592945,-0.05596936392824937,-0.006297402984500669
2019-12-31,0.0012833333015441891,0.0273064856041859,0.010767449094637019,0.005041742284641593,0.008381123965424401,0.006270469449548843,-0.016917749465449522
2020-01-31,0.0012541666626930232,-0.002882259481741988,-0.04227961965704817,0.019244691239100813,0.04148832093823455,0.042078042576703334,-0.04169988929571967
2020-02-29,0.0012583333253860477,-0.08536881696378917,-0.04548040059810272,0.04347566551086576,0.0013348391486335404,-0.0034727474374674633,-0.03229013937172326
2020-03-31,0.0010250000158945718,-0.12614428242482278,-0.04233365096341171,0.019974461158338536,0.015455412295600157,0.02919646645960225,0.007391969704151735
2020-04-30,2.4999999441206457e-05,0.1268190381658377,-0.004787971680563538,-0.019920873171359765,0.01639555669219786,-0.02237408075048268,-0.01818449085409904
2020-05-31,7.500000298023224e-05,0.04520681966257799,-0.03216815044985762,0.014427849497219675,0.012383479385406015,-0.021261871019712122,-0.00814298983223714
2020-06-30,0.0001066666717330615,0.01828172984219115,-0.032485659210808635,-0.015783821540289955,0.036544453404909555,-0.023067820839241665,-0.030255355250440957
2020-07-31,0.00011250000447034834,0.05498882147597332,-0.07159665990555546,0.01745426275905424,0.029431977573498688,0.013122308319651117,-0.02113049610546791
2020-08-31,6.916666403412819e-05,0.06999550023768362,-0.04037524259672648,-0.019047086224989462,0.021407254489140576,-0.03874383997265348,-0.03250858603140415
2020-09-30,7.916666567325592e-05,-0.03930713684409631,-0.010914864679856901,0.03219232924631383,-0.002412815261493551,0.0353152315141711,-0.010833150813374347
2020-10-31,7.083333407839139e-05,-0.02773661955545811,-0.004487865076060006,0.010274042680465653,-0.006171888859109416,0.015151954903564878,-0.011456301599366305
2020-11-30,6.916666403412819e-05,0.10747646877982496,0.05022607586047502,0.03431180465263009,-0.10254629276108665,-0.09420470361612007,-0.013109733055888986
2020-12-31,6.250000248352687e-05,0.03705895909108648,0.0012972428449336132,-0.012983306402893871,-0.03056689007386869,-0.018870859604868638,-0.008567935577388573
2021-01-31,5.416666467984518e-05,-0.011190827420125017,0.011863903293281602,0.030532230793739876,0.03906212930836967,-0.01988755361251995,-0.04746299959499827
2021-02-28,4.000000034769376e-05,0.0260514513771007,0.016737703995279928,0.08047426139578334,-0.06266589247706404,-0.11536921303980789,0.031763995836010334
2021-03-31,2.916666679084301e-05,0.04240946586637431,0.07771413124848256,0.014731991752318721,-0.061072652387415875,0.036357896830405176,-0.0028099229992466224
2021-04-30,1.083333355685075e-05,0.052414488014001656,-0.035749669601302575,0.011017031182531861,0.024296563330981607,-0.0158563459808769,0.013500345437226377
2021-05-31,2.50000002173086e-06,0.00548398867058524,0.042135905128134025,0.027188333551068634,0.009452529445110582,-0.0052631569125417,-0.006480139362746155
2021-06-30,6.6666669833163425e-06,0.022207342898851432,-0.0665799711951607,-0.004394414195976637,-0.0034081145786703897,-0.026825774857029826,-0.027711219070963314
2021-07-31,3.3333332588275274e-05,0.022714721495800432,-0.023647523581589364,0.00817184340858012,-0.008989496519074576,0.0065464097084591485,0.027851614165895197
2021-08-31,3.3333332588275274e-05,0.028957082922850357,-0.021770162663362375,-0.012781416681036238,0.014882447656506603,-0.004450820963488252,-0.0074647341109908855
2021-09-30,3.3333332588275274e-05,-0.04760250213448937,0.006637887514418114,0.014636936655227986,0.00943893609141408,-0.026647204889384855,-0.013974995313767996
2021-10-31,2.3333334053556123e-05,0.06912050306655294,-0.051833762976856275,-0.031533124490455075,0.03641771645293649,0.009274809449605861,-0.009236171937299281
2021-11-30,4.000000034769376e-05,-0.008373706185093853,0.02405820588769366,0.0018037579920311868,-0.0037330832920087,-0.01521061770997928,-0.04669183043645567
2021-12-31,4.000000034769376e-05,0.04357291346171717,0.01800476474396056,0.04588662973679637,-0.0514763818332699,0.061681105060678316,0.010052757474663665
2022-01-31,2.7499999850988393e-05,-0.05261266502724484,0.11544815755169957,0.05665923360220629,-0.059974292294637355,-0.036603017277224405,-0.0058048688453291
2022-02-28,0.00014416666080554325,-0.03150465860671383,0.02084865427409223,0.021502478409038073,0.006156221380935176,0.031272650512754484,0.0015411207386559073
2022-03-31,0.00023999998966852822,0.03553328838187773,-0.01835157357054672,0.010265251435651039,0.020520591987789563,-0.004352896273139822,0.028903284537507724
2022-04-30,0.00041083333392937974,-0.08836754513827244,0.06828863211349817,0.029509589620763756,0.02497253250301562,0.03960116662566769,0.03443535840360373
2022-05-31,0.0006733333567778269,-0.0006201556521331911,0.05411977103959671,0.021007734215894604,-0.018297765847839473,0.0018511225954552651,-0.02993560382013217
2022-06-30,0.0008583333094914757,-0.0847783332433183,-0.02476050308663999,-0.010538595066503578,0.05082752472227748,0.014484233185855067,0.04702780292953629
2022-07-31,0.0013333333532015484,0.08978305837700848,-0.03107010199494871,0.010593927627042504,-0.07179224579140392,-0.1137947038039801,0.0050631115220686335
2022-08-31,0.0019150000810623166,-0.044355128354060684,0.03449803951290496,0.037741958249058245,0.023811690607926008,0.005686400324935781,-0.011048663277000914
2022-09-30,0.0023833332459131874,-0.09577900525918756,0.010011120429319662,0.009765387378235665,0.06599062409225213,0.04513708435948402,-0.01690081087407943
2022-10-31,0.0026500000556310016,0.0772134137813779,0.04426648913083296,0.032829024336536755,0.03193957124376502,0.023381791753485634,-0.027100217944594683
2022-11-30,0.00331249992052714,0.05044039343196598,0.03691105004414137,0.01850056958389259,-0.031145901026727416,-0.021397477927958,-0.01080378304745795
2022-12-31,0.0035441664854685465,-0.06251564056019901,0.027131603441692687,0.023143203103111413,0.04989063523230845,0.028495037497658506,0.029672015958000224
2023-01-31,0.003550000190734863,0.058202857643944235,-0.011957888730834948,0.03037101675038456,-0.14932176098422809,-0.1230715462450055,-0.05390291632305187
2023-02-28,0.003808333476384481,-0.029920827408203062,-0.00982681897176782,-0.009230317951857383,-0.02071160804597892,-0.01704855406764064,-0.014318192447516307
2023-03-31,0.003925000031789144,0.031126612545319836,-0.07575126147805934,-0.019665903445958796,-0.06320399850186058,-0.036668206183773026,-0.014607819085302006
2023-04-30,0.003820833365122477,0.010821508297358541,-0.017078287047753896,-0.004570332996510239,0.016724527737050594,0.034268888478364894,0.0023206075636307763
2023-05-31,0.004102499882380167,-0.0016201525141871951,-0.05655475815004507,-0.04913396372914158,0.046006155419503425,-0.09616399739777709,-0.01596331137191627
2023-06-30,0.00437333345413208,0.060354131450102565,-0.006803980704366178,0.0148323530374573,0.012257599912978041,-0.03310497741548927,-0.0069530670423763145
2023-07-31,0.004294166564941407,0.026844765790069454,0.04192859296631174,0.007634060366270089,-0.013963671974881069,-0.04269017160274087,-0.038563898637470645
2023-08-31,0.00437333345413208,-0.022089723524986095,-0.040632544358058416,-0.00652950143436862,0.045967485214227395,0.013516049497464827,-0.003236903589108879
2023-09-30,0.004414999882380167,-0.05313436734800505,0.023689592636725813,0.018350296164701532,-0.015345041664755532,0.007159342741935415,-0.01273926835431016
2023-10-31,0.004416666825612386,-0.026396355563595337,-0.016918282616343767,0.011528171351659634,0.003460176444051579,0.008846525080108816,-0.01489074454085252
2023-11-30,0.004433333476384481,0.08474593530558565,-0.05285684969724025,0.0017326140962218295,0.05645285061463565,-0.09631119420406169,0.02245967567202449
2023-12-31,0.004364999930063884,0.039864231226296246,0.012440320653839744,0.03748200674064911,-0.017682633358896034,-0.06542338594422772,-0.0011033101319842392
2024-01-31,0.004316666523615519,0.011579041075376096,-0.04789046446602006,-0.003862592342958937,0.043039682152914135,-0.0037426223887345525,0.003944688675733938
2024-02-29,0.004323333501815796,0.04739730712190737,-0.033306354872850594,-0.038360332003728154,0.07515456194493145,-0.03167623180812614,-0.01309744210426695
2024-03-31,0.004352500041325887,0.02666627987401708,0.057710594419936395,0.03576637181428581,-0.014733445603766875,-0.005888990827315806,-0.008990431374608952
2024-04-30,0.004335833390553792,-0.045950905128452485,0.04374713507104106,-0.006028810586570031,-0.025244447327623667,0.0323725312108381,-0.010760483486483008
2024-05-31,0.0043708332379659015,0.0436503569132332,0.0035518702401587388,0.008274803097468676,0.01343967248329115,-0.012830201160670712,-0.02280241785828923
2024-06-30,0.0043708332379659015,0.030298968045117378,-0.07508783043690606,-0.026972312243213288,0.029975426143569538,-0.04132833467650096,0.008684529066507733
2024-07-31,0.004344166517257691,0.006977150370611058,0.03886705870481269,0.04009327682691964,-0.08242308991381682,0.030660983743336118,0.0033598343195393662
2024-08-31,0.00427916685740153,0.018555540079228838,0.002074916469578761,0.01260854507472723,0.010683582496903089,0.041606058487092076,-0.01034736117427451
2024-09-30,0.004139999945958455,0.01605688414464282,-0.005300476484308116,-0.010560477575050515,-0.008634870229664759,-0.04092272553085582,0.00369167526515635
2024-10-31,0.00374833345413208,-0.013645076757283792,0.010615230423282825,-0.014556491701790577,0.010894130775182753,0.0053529065542973625,-0.024032005866875254
2024-11-30,0.0036933334668477376,0.0536079620152511,-0.008903513084747149,-0.027464996850424556,0.013839625718314812,-0.004109425758668066,-0.013064676573034433
2024-12-31,0.0036441667874654135,-0.028634303835949042,-0.038070702805863735,-0.05223055113575753,0.0187289653025001,-0.006535979250815699,0.0008180837751461984
2025-01-31,0.0035066668192545573,0.02350963742118954,0.012287150937901878,0.044831539168348006,0.036551636380297,-0.02010088674668304,-0.0015495913668477149
2025-02-28,0.0034900001684824624,-0.01773209286830759,0.03534067796522553,0.018562553884301537,-0.025347387246686455,0.06480487459930628,-0.00806954515672046
2025-03-31,0.0034941665331522623,-0.061038864214527644,0.04861115575028001,0.00209947733394808,-0.05711767873507128,0.06879632997954889,-0.025390168458214263
2025-04-30,0.0034941665331522623,-0.011119109879442087,-0.06983003829461876,0.019370479149715014,0.0864020165563143,-0.06292033179275146,-0.025469019329398122
2025-05-31,0.0034916667143503823,0.05803215942643251,-0.04570854131519865,0.03463397556944119,0.029020918169471978,-0.07926052049337604,-0.026587859163594733
2025-06-30,0.003526666561762492,0.04608017290595333,-0.002653989466942043,0.035519115751492046,-0.04955302825991303,-0.09498572932771178,-0.011454224244381903
2025-07-31,0.0034916667143503823,0.018174895816290317,-0.029772441431540758,0.005365295738049924,0.012570921361673953,-0.028025000945425198,0.03040490516968406
2025-08-31,0.00352916677792867,0.015537277517107453,0.045646337177902105,0.016884455289282084,-0.04896876384672583,0.016891283087723953,-0.04490759041075579
2025-09-30,0.003369166851043701,0.03195452036765779,-0.026094906664792826,0.02881316554686742,0.05424277184392617,-0.14200551394784813,0.011199800939257779
2025-10-31,0.0032041666905085245,0.019482705214415277,-0.07082628550056368,-0.019645268876667992,-0.031362069233731894,-0.08356913926228017,-0.008254172359134587
2025-11-30,0.003098333279291788,-0.0017987151126199982,0.039990802252396554,0.016515675007827774,-0.051303882660052945,0.0652517584171877,0.021108202438751632
2025-12-31,0.0030808333555857343,-0.003604967778099712,0.03531326584368866,0.009208535238138105,-0.003311353880636747,-0.005163468843985837,-0.03281271995136496
2026-01-31,0.002955833276112874,0.010707125624807412,0.006503796174694664,0.10465487534443227,0.10984832960993046,-0.08980837463144044,-0.017526131506973797
2026-02-28,0.0029766666889190674,-0.011645011429623393,0.0333272567671543,0.07425488483512058,0.030601216061382018,0.019708441979850912,-0.04089662736156455
2026-03-31,0.002981666723887126,-0.053914357692464124,0.055888608842045495,0.026265629692280093,-0.007729607685641654,-0.01922894292483595,-0.029451982529465476
2026-04-30,0.00299999992052714,0.1012333859093305,-0.09740135331494076,0.04583046025221517,0.22284352479285222,-0.2528922085733212,-0.010850782559270161
2026-05-31,0.0029875000317891444,0.048482855125453486,-0.09084205475713081,0.008783201745707334,0.055168646161988605,-0.24557508710877518,-0.035001393422739
2026-06-30,0.0029900000492731733,-0.013636379456387166,-0.08837715285795668,0.011738105093755443,0.14647058560891824,-0.05176728754011587,-0.0031813231275268916
2026-07-31,0.0031100000937779745,-0.004395396262682748,0.16803519367678177,0.11889544318954912,-0.16579796866194701,0.187004653925518,0.014592916566303543
2026-08-31,0.003068333268165588,0.023156934998293625,0.023352232596475307,0.07686847187345255,-0.04233861541605676,-0.07879792845942023,-0.031057812200008673
2026-09-30,0.0031100000937779745,-0.0007694564953328194,-0.07386580526780262,-0.05678109745865031,0.09228423740400644,-0.10077236551937119,-0.004276658216107704
