modelo_id,ventana_beta_meses,min_obs,ventana_factor_meses,ic_medio,ic_std,ic_ratio,t_stat,hit_rate,n_periodos
beta=60m_minobs=24_factor=3m,60m,24,3,0.005895634003672503,0.21436991216092438,0.027502152444074036,0.352199397792447,0.4878048780487805,164
beta=60m_minobs=18_factor=3m,60m,18,3,0.005895634003672503,0.21436991216092438,0.027502152444074036,0.352199397792447,0.4878048780487805,164
beta=36m_minobs=18_factor=3m,36m,18,3,0.0020842055584685062,0.2210661413451905,0.009427972758677954,0.1207369617618949,0.49390243902439024,164
beta=36m_minobs=24_factor=3m,36m,24,3,0.0020842055584685062,0.2210661413451905,0.009427972758677954,0.1207369617618949,0.49390243902439024,164
beta=60m_minobs=12_factor=3m,60m,12,3,0.0013818593405308817,0.2040142489558729,0.0067733471931647775,0.08985860485813786,0.4943181818181818,176
beta=completo_minobs=12_factor=12m,completo,12,12,-0.0006293942524027562,0.1913854226900975,-0.003288621691015142,-0.043628496906085265,0.4772727272727273,176
beta=60m_minobs=12_factor=12m,60m,12,12,-0.0006431581361072465,0.1876256496478521,-0.0034278795959633824,-0.04547596178530243,0.48295454545454547,176
beta=60m_minobs=24_factor=6m,60m,24,6,-0.0020376015834332275,0.20896531637573135,-0.009750908039540426,-0.12487255120992026,0.4634146341463415,164
beta=60m_minobs=18_factor=6m,60m,18,6,-0.0020376015834332275,0.20896531637573135,-0.009750908039540426,-0.12487255120992026,0.4634146341463415,164
beta=120m_minobs=12_factor=12m,120m,12,12,-0.0021436517805590986,0.19126185642031518,-0.01120794193196698,-0.14869015224170193,0.4715909090909091,176
beta=60m_minobs=24_factor=12m,60m,24,12,-0.0024898709253746514,0.19731893197930195,-0.012618510045634293,-0.16159577502698164,0.4695121951219512,164
beta=60m_minobs=18_factor=12m,60m,18,12,-0.0024898709253746514,0.19731893197930195,-0.012618510045634293,-0.16159577502698164,0.4695121951219512,164
beta=completo_minobs=18_factor=12m,completo,18,12,-0.0027629322945327047,0.19435823241710493,-0.014215668974614253,-0.18204938912534938,0.4878048780487805,164
beta=completo_minobs=24_factor=12m,completo,24,12,-0.0027629322945327047,0.19435823241710493,-0.014215668974614253,-0.18204938912534938,0.4878048780487805,164
beta=36m_minobs=12_factor=3m,36m,12,3,-0.0029064786260578194,0.2031366645455893,-0.014307996208166193,-0.18981701969726023,0.5,176
beta=120m_minobs=18_factor=12m,120m,18,12,-0.004247275917422362,0.19513550654320258,-0.02176577698575848,-0.2787379483281364,0.4817073170731707,164
beta=120m_minobs=24_factor=12m,120m,24,12,-0.004247275917422362,0.19513550654320258,-0.02176577698575848,-0.2787379483281364,0.4817073170731707,164
beta=120m_minobs=24_factor=3m,120m,24,3,-0.005677680655064808,0.20682614877646519,-0.027451464375528097,-0.35155027379193665,0.5121951219512195,164
beta=120m_minobs=18_factor=3m,120m,18,3,-0.005677680655064808,0.20682614877646519,-0.027451464375528097,-0.35155027379193665,0.5121951219512195,164
beta=completo_minobs=24_factor=3m,completo,24,3,-0.007743183704370112,0.20485166960429052,-0.03779897776438692,-0.4840631013466623,0.49390243902439024,164
beta=completo_minobs=18_factor=3m,completo,18,3,-0.007743183704370112,0.20485166960429052,-0.03779897776438692,-0.4840631013466623,0.49390243902439024,164
beta=120m_minobs=12_factor=3m,120m,12,3,-0.008835763986441213,0.20029163295615482,-0.04411449373112566,-0.5852448940905169,0.4659090909090909,176
beta=60m_minobs=12_factor=6m,60m,12,6,-0.009597364349121423,0.19712766063478254,-0.04868603583188873,-0.6458932535366937,0.4715909090909091,176
beta=36m_minobs=24_factor=6m,36m,24,6,-0.011803067324387989,0.22309509797921476,-0.052905991352116814,-0.6775272710643037,0.43902439024390244,164
beta=36m_minobs=18_factor=6m,36m,18,6,-0.011803067324387989,0.22309509797921476,-0.052905991352116814,-0.6775272710643037,0.43902439024390244,164
beta=completo_minobs=18_factor=6m,completo,18,6,-0.010912936322799374,0.20173636710561732,-0.05409503739643532,-0.6927544901559027,0.45121951219512196,164
beta=completo_minobs=24_factor=6m,completo,24,6,-0.010912936322799374,0.20173636710561732,-0.05409503739643532,-0.6927544901559027,0.45121951219512196,164
beta=120m_minobs=24_factor=6m,120m,24,6,-0.011023125977609204,0.20195897239874627,-0.0545810163652706,-0.6989780575843663,0.45121951219512196,164
beta=120m_minobs=18_factor=6m,120m,18,6,-0.011023125977609204,0.20195897239874627,-0.0545810163652706,-0.6989780575843663,0.45121951219512196,164
beta=completo_minobs=12_factor=3m,completo,12,3,-0.011206683177596679,0.1998322485516315,-0.05608045377471275,-0.7439912929743694,0.44886363636363635,176
beta=36m_minobs=18_factor=12m,36m,18,12,-0.015910217963037893,0.2239383198630649,-0.07104732219464166,-0.9098496614984214,0.45121951219512196,164
beta=36m_minobs=24_factor=12m,36m,24,12,-0.015910217963037893,0.2239383198630649,-0.07104732219464166,-0.9098496614984214,0.45121951219512196,164
beta=36m_minobs=12_factor=12m,36m,12,12,-0.015194735153421141,0.19999462783227293,-0.07597571653856786,-1.0079317797473155,0.4431818181818182,176
beta=120m_minobs=12_factor=6m,120m,12,6,-0.016476021443160696,0.1952494138110259,-0.08438448608663777,-1.1194867139053726,0.4431818181818182,176
beta=completo_minobs=12_factor=6m,completo,12,6,-0.017059019992785543,0.1951138915896503,-0.08743108885687577,-1.1599044670019196,0.44886363636363635,176
beta=36m_minobs=12_factor=6m,36m,12,6,-0.018377592797789957,0.2044644294047034,-0.08988161339992572,-1.192414348797335,0.4375,176
