,ic,n_acciones
2013-02-28,-0.21495546179090486,80.0
2013-03-31,-0.11383028598218474,80.0
2013-04-30,-0.24282700421940928,80.0
2013-05-31,0.04315518049695265,80.0
2013-06-30,-0.16994842944210034,80.0
2013-07-31,0.11882325363338023,80.0
2013-08-31,0.17105016408813878,80.0
2013-09-30,0.24041256446319742,80.0
2013-10-31,-0.07238631036099392,80.0
2013-11-30,-0.007219878105954056,80.0
2013-12-31,0.2453820909517112,80.0
2014-01-31,-0.19087745279526097,74.0
2014-02-28,0.16228075721746607,78.0
2014-03-31,0.004160396565459856,78.0
2014-04-30,-0.041490155414206045,78.0
2014-05-31,-0.14596795609453836,78.0
2014-06-30,0.050670848139202564,78.0
2014-07-31,0.17548274510299827,78.0
2014-08-31,0.11255832774820117,78.0
2014-09-30,0.14161787579509097,78.0
2014-10-31,0.1173889401737503,78.0
2014-11-30,0.16690904032676182,78.0
2014-12-31,-0.19880119880119881,78.0
2015-01-31,0.27580314422419683,77.0
2015-02-28,-0.27545710267229256,80.0
2015-03-31,0.1326066572902016,80.0
2015-04-30,-0.17878574777308956,80.0
2015-05-31,-0.19716361931551807,80.0
2015-06-30,0.1775199249882794,80.0
2015-07-31,-0.22100328176277548,80.0
2015-08-31,-0.11261134552273794,80.0
2015-09-30,0.13858415377402722,80.0
2015-10-31,-0.16197843413033286,80.0
2015-11-30,-0.21565869667135493,80.0
2015-12-31,-0.15635255508673232,80.0
2016-01-31,-0.030121894045944682,80.0
2016-02-29,-0.04861256874186642,83.0
2016-03-31,-0.15144200495361235,83.0
2016-04-30,-0.36780571764409553,83.0
2016-05-31,0.01574241215734016,83.0
2016-06-30,-0.2912136350279165,83.0
2016-07-31,-0.22755132026363292,83.0
2016-08-31,0.059422358423239986,83.0
2016-09-30,-0.011712354645061079,83.0
2016-10-31,0.27091641828638596,83.0
2016-11-30,0.33069560471852566,83.0
2016-12-31,0.10299735527475755,83.0
2017-01-31,-0.2261422787738577,77.0
2017-02-28,-0.1565040650406504,81.0
2017-03-31,0.11167570009033423,81.0
2017-04-30,0.36314363143631434,81.0
2017-05-31,0.26863143631436315,81.0
2017-06-30,-0.2852077687443541,81.0
2017-07-31,0.08568202348690153,81.0
2017-08-31,0.04762872628726287,81.0
2017-09-30,0.39609304426377595,81.0
2017-10-31,0.06915085817524841,81.0
2017-11-30,-0.1166214995483288,81.0
2017-12-31,-0.03509485094850948,81.0
2018-01-31,0.17323183145967955,78.0
2018-02-28,0.4451756606256961,84.0
2018-03-31,-0.25892477472916875,84.0
2018-04-30,0.2981674597549864,84.0
2018-05-31,0.08622051230130606,84.0
2018-06-30,-0.001984408221119773,84.0
2018-07-31,0.1515844892173737,84.0
2018-08-31,0.07273463602308394,84.0
2018-09-30,0.08132023893894907,84.0
2018-10-31,0.11934798015591778,84.0
2018-11-30,0.09800546724713982,84.0
2018-12-31,-0.034423407917383825,84.0
2019-01-31,-0.23638211382113822,81.0
2019-02-28,-0.00850012516189419,82.0
2019-03-31,0.05715000925109652,82.0
2019-04-30,0.2225160805824926,82.0
2019-05-31,-0.21313438033978735,82.0
2019-06-30,0.022779464742438593,82.0
2019-07-31,0.16026164277707036,82.0
2019-08-31,0.10122876329164898,82.0
2019-09-30,-0.23252903211763043,82.0
2019-10-31,-0.1019470837278654,82.0
2019-11-30,0.07698000674785865,82.0
2019-12-31,-0.014333757795409281,82.0
2020-01-31,-0.2716231137283769,77.0
2020-02-29,0.12615230569976385,82.0
2020-03-31,0.08718886385651005,82.0
2020-04-30,-0.26339504358899013,82.0
2020-05-31,-0.10236066216083847,82.0
2020-06-30,0.36570128753496367,82.0
2020-07-31,0.16380971038626052,82.0
2020-08-31,0.41646259836092336,82.0
2020-09-30,-0.10288307702354131,82.0
2020-10-31,0.06233062330623306,82.0
2020-11-30,-0.3325497110392791,82.0
2020-12-31,-0.05218706805541951,82.0
2021-01-31,-0.08838839679274589,83.0
2021-02-28,0.535521820295164,88.0
2021-03-31,-0.02812511007009264,88.0
2021-04-30,-0.04145679969004263,88.0
2021-05-31,0.200186678877109,88.0
2021-06-30,-0.5609171920679089,88.0
2021-07-31,-0.01623754006551372,88.0
2021-08-31,-0.10320171885456662,88.0
2021-09-30,-0.17410446972632176,88.0
2021-10-31,0.2086576732062978,88.0
2021-11-30,0.3810362438801029,88.0
2021-12-31,-0.20055651438836256,88.0
2022-01-31,0.3339308457946129,86.0
2022-02-28,0.331565535913362,91.0
2022-03-31,0.002229654403567447,91.0
2022-04-30,0.4770345596432553,91.0
2022-05-31,0.1889154323936933,91.0
2022-06-30,0.2760152890587673,91.0
2022-07-31,-0.4347826086956522,91.0
2022-08-31,0.14382863513298297,91.0
2022-09-30,0.1410097149227584,91.0
2022-10-31,0.34487975792323616,91.0
2022-11-30,-0.09633699633699633,91.0
2022-12-31,-0.07829272177098266,91.0
2023-01-31,-0.3237683664649957,90.0
2023-02-28,0.14734213892699166,92.0
2023-03-31,-0.37535255768074843,92.0
2023-04-30,-0.05577732225698565,92.0
2023-05-31,-0.060277730684462794,92.0
2023-06-30,0.09446233990413512,92.0
2023-07-31,0.32883806235839896,92.0
2023-08-31,-0.08728018124932571,92.0
2023-09-30,-0.1492532712729066,92.0
2023-10-31,-0.07533560408735723,92.0
2023-11-30,-0.4201562813063514,92.0
2023-12-31,0.21942573555476777,92.0
2024-01-31,-0.008294882180972846,88.0
2024-02-29,0.3415594879293366,93.0
2024-03-31,-0.1314642953060189,93.0
2024-04-30,-0.08692668079138191,93.0
2024-05-31,0.07339381098743696,93.0
2024-06-30,-0.20145623825012676,93.0
2024-07-31,-0.015487451881471754,93.0
2024-08-31,0.08655366894452567,93.0
2024-09-30,-0.049580734684133564,93.0
2024-10-31,-0.044940467309241734,93.0
2024-11-30,-0.3074662051266748,93.0
2024-12-31,0.1923696696607084,93.0
2025-01-31,0.042329489935509085,85.0
2025-02-28,-0.38415342890352583,88.0
2025-03-31,0.3560459300482548,88.0
2025-04-30,-0.24002324680356454,88.0
2025-05-31,-0.5039625233348598,88.0
2025-06-30,-0.02983339790778768,88.0
2025-07-31,0.11544151315557749,88.0
2025-08-31,-0.15346412595540843,88.0
2025-09-30,0.033214751153534575,88.0
2025-10-31,0.20372653305625024,88.0
2025-11-30,-0.38998274100947483,88.0
2025-12-31,0.3442111936881407,88.0
2026-01-31,0.15478199718706048,80.0
2026-02-28,0.3224675706309559,83.0
2026-03-31,-0.003295411611603207,83.0
2026-04-30,-0.08584862096469502,83.0
2026-05-31,0.16414088409386673,83.0
2026-06-30,-0.09029847613450316,83.0
2026-07-31,-0.3383149322026783,83.0
2026-08-31,-0.1444103941900004,83.0
2026-09-30,-0.13145963645522857,83.0
