Ticker,Company,Anios_en_top100,Precio_desde,Precio_hasta,Alerta
KHC,Kraft Heinz Co.,"2015, 2016",2015-07-31,2026-09-30,PRECIOS_EMPIEZAN_TARDE
AAPL,APPLE INC,"2010, 2011, 2012, 2013, 2014, 2015, 2016, 2017, 2018, 2019, 2020, 2021, 2022, 2023, 2024, 2025, 2026",2006-01-31,2026-09-30,
NKE,"NIKE, Inc. Class B","2010, 2011, 2012, 2013, 2014, 2015, 2016, 2017, 2018, 2019, 2020, 2021, 2022, 2023, 2024",2006-01-31,2026-09-30,
MRSH,"Marsh & McLennan Cos., Inc.","2022, 2023, 2024",2006-01-31,2026-09-30,
MRVL,MARVELL TECHNOLOGY INC,2026,2006-01-31,2026-09-30,
MS,MORGAN STANLEY,"2010, 2013, 2014, 2015, 2016, 2017, 2018, 2021, 2022, 2023, 2024, 2025, 2026",2006-01-31,2026-09-30,
MSFT,MICROSOFT CORP,"2010, 2011, 2012, 2013, 2014, 2015, 2016, 2017, 2018, 2019, 2020, 2021, 2022, 2023, 2024, 2025, 2026",2006-01-31,2026-09-30,
MU,MICRON TECHNOLOGY INC,"2021, 2024, 2025, 2026",2006-01-31,2026-09-30,
NEE,NEXTERA ENERGY INC,"2015, 2016, 2017, 2018, 2019, 2020, 2021, 2022, 2023, 2024, 2025, 2026",2006-01-31,2026-09-30,
NEM,NEWMONT CORP,"2010, 2011, 2026",2006-01-31,2026-09-30,
NFLX,NETFLIX INC,"2015, 2017, 2018, 2019, 2020, 2021, 2022, 2023, 2024, 2025, 2026",2006-01-31,2026-09-30,
NOC,Northrop Grumman Corp.,"2019, 2022",2006-01-31,2026-09-30,
MRK,MERCK + CO. INC.,"2010, 2011, 2012, 2013, 2014, 2015, 2016, 2017, 2018, 2019, 2020, 2021, 2022, 2023, 2024, 2025, 2026",2006-01-31,2026-09-30,
NOV,"National-Oilwell Varco, Inc.",2012,2006-01-31,2026-09-30,
NOW,SERVICENOW INC,"2020, 2021, 2022, 2023, 2024, 2025, 2026",2012-06-30,2026-09-30,
NVDA,NVIDIA CORP,"2017, 2018, 2019, 2020, 2021, 2022, 2023, 2024, 2025, 2026",2006-01-31,2026-09-30,
ORCL,ORACLE CORP,"2010, 2011, 2012, 2013, 2014, 2015, 2016, 2017, 2018, 2019, 2020, 2021, 2022, 2023, 2024, 2025, 2026",2006-01-31,2026-09-30,
OXY,Occidental Petroleum Corp.,"2010, 2011, 2012, 2013, 2014, 2015, 2016, 2018",2006-01-31,2026-09-30,
PANW,PALO ALTO NETWORKS INC,"2024, 2025, 2026",2012-07-31,2026-09-30,
PEP,PEPSICO INC,"2010, 2011, 2012, 2013, 2014, 2015, 2016, 2017, 2018, 2019, 2020, 2021, 2022, 2023, 2024, 2025, 2026",2006-01-31,2026-09-30,
PFE,PFIZER INC,"2010, 2011, 2012, 2013, 2014, 2015, 2016, 2017, 2018, 2019, 2020, 2021, 2022, 2023, 2024, 2025, 2026",2006-01-31,2026-09-30,
MRNA,"Moderna, Inc.",2021,2018-12-31,2026-09-30,
MPC,MARATHON PETROLEUM CORP,2026,2011-06-30,2026-09-30,
PGR,PROGRESSIVE CORP,"2022, 2023, 2024, 2025, 2026",2006-01-31,2026-09-30,
LRCX,LAM RESEARCH CORP,"2021, 2023, 2024, 2025, 2026",2006-01-31,2026-09-30,
KLAC,KLA CORP,"2024, 2025, 2026",2006-01-31,2026-09-30,
KMB,Kimberly-Clark Corp.,"2010, 2011, 2012, 2013, 2016",2006-01-31,2026-09-30,
KMI,"Kinder Morgan, Inc.","2015, 2016",2011-02-28,2026-09-30,
KO,COCA COLA CO/THE,"2010, 2011, 2012, 2013, 2014, 2015, 2016, 2017, 2018, 2019, 2020, 2021, 2022, 2023, 2024, 2025, 2026",2006-01-31,2026-09-30,
LIN,LINDE PLC,"2010, 2011, 2012, 2013, 2019, 2020, 2021, 2022, 2023, 2024, 2025, 2026",2006-01-31,2026-09-30,
LLY,ELI LILLY + CO,"2010, 2011, 2012, 2013, 2014, 2015, 2016, 2017, 2018, 2019, 2020, 2021, 2022, 2023, 2024, 2025, 2026",2006-01-31,2026-09-30,
LMT,Lockheed Martin Corp.,"2014, 2015, 2016, 2017, 2018, 2019, 2020, 2021, 2022, 2023, 2024",2006-01-31,2026-09-30,
LOW,"Lowe's Cos., Inc.","2010, 2011, 2012, 2013, 2014, 2015, 2016, 2017, 2018, 2019, 2020, 2021, 2022, 2023, 2024, 2025",2006-01-31,2026-09-30,
LYB,LyondellBasell Industries NV (Class A),2014,2010-04-30,2026-09-30,
MO,ALTRIA GROUP INC,"2010, 2011, 2012, 2013, 2014, 2015, 2016, 2017, 2018, 2019, 2020, 2021, 2022, 2025, 2026",2006-01-31,2026-09-30,
MA,MASTERCARD INC   A,"2011, 2012, 2013, 2014, 2015, 2016, 2017, 2018, 2019, 2020, 2021, 2022, 2023, 2024, 2025, 2026",2006-05-31,2026-09-30,
MCD,MCDONALD S CORP,"2010, 2011, 2012, 2013, 2014, 2015, 2016, 2017, 2018, 2019, 2020, 2021, 2022, 2023, 2024, 2025, 2026",2006-01-31,2026-09-30,
MCK,McKesson Corp.,"2014, 2015",2006-01-31,2026-09-30,
MDLZ,"Mondelez International, Inc. Class A","2010, 2011, 2012, 2013, 2014, 2015, 2016, 2017, 2018, 2019, 2020, 2021, 2022, 2023",2006-01-31,2026-09-30,
MDT,MEDTRONIC PLC,"2010, 2011, 2012, 2013, 2014, 2015, 2016, 2017, 2018, 2019, 2020, 2021, 2022, 2023, 2024, 2025, 2026",2006-01-31,2026-09-30,
MET,"MetLife, Inc.","2010, 2011, 2012, 2013, 2014, 2015, 2016, 2017",2006-01-31,2026-09-30,
META,META PLATFORMS INC CLASS A,"2014, 2015, 2016, 2017, 2018, 2019, 2020, 2021, 2022, 2023, 2024, 2025, 2026",2012-05-31,2026-09-30,
MMM,3M Co.,"2010, 2011, 2012, 2013, 2014, 2015, 2016, 2017, 2018, 2019, 2020, 2021",2006-01-31,2026-09-30,
PG,PROCTER + GAMBLE CO/THE,"2010, 2011, 2012, 2013, 2014, 2015, 2016, 2017, 2018, 2019, 2020, 2021, 2022, 2023, 2024, 2025, 2026",2006-01-31,2026-09-30,
PH,PARKER HANNIFIN CORP,2026,2006-01-31,2026-09-30,
JNJ,JOHNSON + JOHNSON,"2010, 2011, 2012, 2013, 2014, 2015, 2016, 2017, 2018, 2019, 2020, 2021, 2022, 2023, 2024, 2025, 2026",2006-01-31,2026-09-30,
PLD,PROLOGIS INC,"2020, 2021, 2022, 2023, 2024, 2025, 2026",2006-01-31,2026-09-30,
TMO,THERMO FISHER SCIENTIFIC INC,"2014, 2015, 2016, 2017, 2018, 2019, 2020, 2021, 2022, 2023, 2024, 2025, 2026",2006-01-31,2026-09-30,
TMUS,"T-Mobile U.S., Inc.","2020, 2022, 2024, 2025",2007-04-30,2026-09-30,
TRV,"The Travelers Cos., Inc.",2010,2006-01-31,2026-09-30,
TSLA,TESLA INC,"2021, 2022, 2023, 2024, 2025, 2026",2010-06-30,2026-09-30,
TXN,TEXAS INSTRUMENTS INC,"2010, 2011, 2012, 2013, 2014, 2015, 2016, 2017, 2018, 2019, 2020, 2021, 2022, 2023, 2024, 2025, 2026",2006-01-31,2026-09-30,
UBER,UBER TECHNOLOGIES INC,"2024, 2025, 2026",2019-05-31,2026-09-30,
UNH,UNITEDHEALTH GROUP INC,"2010, 2011, 2012, 2013, 2014, 2015, 2016, 2017, 2018, 2019, 2020, 2021, 2022, 2023, 2024, 2025, 2026",2006-01-31,2026-09-30,
UNP,UNION PACIFIC CORP,"2010, 2011, 2012, 2013, 2014, 2015, 2016, 2017, 2018, 2019, 2020, 2021, 2022, 2023, 2024, 2025, 2026",2006-01-31,2026-09-30,
UPS,"United Parcel Service, Inc. Class B","2010, 2011, 2012, 2013, 2014, 2015, 2016, 2017, 2018, 2019, 2020, 2021, 2022, 2023, 2024",2006-01-31,2026-09-30,
USB,US Bancorp,"2010, 2011, 2012, 2013, 2014, 2015, 2016, 2017, 2018, 2019, 2021",2006-01-31,2026-09-30,
V,VISA INC CLASS A SHARES,"2010, 2011, 2012, 2013, 2014, 2015, 2016, 2017, 2018, 2019, 2020, 2021, 2022, 2023, 2024, 2025, 2026",2008-03-31,2026-09-30,
VLO,VALERO ENERGY CORP,2026,2006-01-31,2026-09-30,
VRTX,VERTEX PHARMACEUTICALS INC,"2020, 2022, 2023, 2024, 2026",2006-01-31,2026-09-30,
VZ,VERIZON COMMUNICATIONS INC,"2010, 2011, 2012, 2013, 2014, 2015, 2016, 2017, 2018, 2019, 2020, 2021, 2022, 2023, 2024, 2025, 2026",2006-01-31,2026-09-30,
WDC,WESTERN DIGITAL CORP,2026,2006-01-31,2026-09-30,
WELL,WELLTOWER INC,"2025, 2026",2006-01-31,2026-09-30,
WFC,WELLS FARGO + CO,"2010, 2011, 2012, 2013, 2014, 2015, 2016, 2017, 2018, 2019, 2020, 2021, 2022, 2023, 2024, 2025, 2026",2006-01-31,2026-09-30,
WMT,WALMART INC,"2010, 2011, 2012, 2013, 2014, 2015, 2016, 2017, 2018, 2019, 2020, 2021, 2022, 2023, 2024, 2025, 2026",2006-01-31,2026-09-30,
XOM,EXXONMOBIL HOLDINGS CORP,"2010, 2011, 2012, 2013, 2014, 2015, 2016, 2017, 2018, 2019, 2020, 2021, 2022, 2023, 2024, 2025, 2026",2006-01-31,2026-09-30,
TJX,TJX COMPANIES INC,"2012, 2013, 2015, 2016, 2018, 2019, 2020, 2021, 2022, 2023, 2024, 2025, 2026",2006-01-31,2026-09-30,
TGT,Target Corp.,"2010, 2011, 2012, 2013, 2015, 2020, 2021, 2022",2006-01-31,2026-09-30,
TFC,Truist Financial Corp.,2021,2006-01-31,2026-09-30,
RTX,RTX CORP,"2010, 2011, 2012, 2013, 2014, 2015, 2016, 2017, 2018, 2019, 2020, 2021, 2022, 2023, 2024, 2025, 2026",2006-01-31,2026-09-30,
PLTR,PALANTIR TECHNOLOGIES INC A,"2025, 2026",2020-09-30,2026-09-30,
PM,PHILIP MORRIS INTERNATIONAL,"2010, 2011, 2012, 2013, 2014, 2015, 2016, 2017, 2018, 2019, 2020, 2021, 2022, 2023, 2024, 2025, 2026",2008-03-31,2026-09-30,
PNC,"PNC Financial Services Group, Inc.","2010, 2011, 2012, 2013, 2014, 2015, 2016, 2017, 2018, 2019, 2021",2006-01-31,2026-09-30,
PRU,"Prudential Financial, Inc.","2010, 2013",2006-01-31,2026-09-30,
PSX,Phillips 66,"2013, 2014",2012-04-30,2026-09-30,
PYPL,"PayPal Holdings, Inc.","2016, 2017, 2018, 2019, 2020, 2021, 2022",2015-07-31,2026-09-30,
QCOM,QUALCOMM INC,"2010, 2011, 2012, 2013, 2014, 2015, 2016, 2017, 2018, 2019, 2020, 2021, 2022, 2023, 2024, 2025, 2026",2006-01-31,2026-09-30,
REGN,"Regeneron Pharmaceuticals, Inc.","2022, 2023, 2024",2006-01-31,2026-09-30,
SBUX,Starbucks Corp.,"2011, 2012, 2013, 2014, 2015, 2016, 2017, 2018, 2019, 2020, 2021, 2022, 2023, 2024",2006-01-31,2026-09-30,
T,AT+T INC,"2010, 2011, 2012, 2013, 2014, 2015, 2016, 2017, 2018, 2019, 2020, 2021, 2022, 2023, 2024, 2025, 2026",2006-01-31,2026-09-30,
SCHW,SCHWAB (CHARLES) CORP,"2017, 2018, 2021, 2022, 2023, 2025, 2026",2006-01-31,2026-09-30,
SLB,Schlumberger NV,"2010, 2011, 2012, 2013, 2014, 2015, 2016, 2017, 2018, 2023",2006-01-31,2026-09-30,
SNDK,SANDISK CORP,2026,2025-02-28,2026-09-30,
SO,Southern Co.,"2010, 2011, 2012, 2013, 2015, 2016, 2019, 2022, 2024, 2025",2006-01-31,2026-09-30,
SPG,"Simon Property Group, Inc. REIT","2010, 2011, 2012, 2013, 2014, 2015, 2016",2006-01-31,2026-09-30,
SPGI,S+P GLOBAL INC,"2019, 2020, 2021, 2022, 2023, 2024, 2025, 2026",2006-01-31,2026-09-30,
STX,SEAGATE TECHNOLOGY HOLDINGS,2026,2006-01-31,2026-09-30,
SYK,Stryker Corp.,"2019, 2020, 2021, 2022, 2023, 2024, 2025",2006-01-31,2026-09-30,
JPM,JPMORGAN CHASE + CO,"2010, 2011, 2012, 2013, 2014, 2015, 2016, 2017, 2018, 2019, 2020, 2021, 2022, 2023, 2024, 2025, 2026",2006-01-31,2026-09-30,
ITW,"Illinois Tool Works, Inc.",2010,2006-01-31,2026-09-30,
ABBV,ABBVIE INC,"2013, 2014, 2015, 2016, 2017, 2018, 2019, 2020, 2021, 2022, 2023, 2024, 2025, 2026",2013-01-31,2026-09-30,
COST,COSTCO WHOLESALE CORP,"2010, 2011, 2012, 2013, 2014, 2015, 2016, 2017, 2018, 2019, 2020, 2021, 2022, 2023, 2024, 2025, 2026",2006-01-31,2026-09-30,
BDX,Becton Dickinson and Co.,"2018, 2019, 2020",2006-01-31,2026-09-30,
BIIB,"Biogen, Inc.","2012, 2013, 2014, 2015, 2016, 2017, 2018",2006-01-31,2026-09-30,
BKNG,BOOKING HOLDINGS INC,"2012, 2013, 2014, 2015, 2016, 2017, 2018, 2019, 2020, 2021, 2023, 2024, 2025, 2026",2006-01-31,2026-09-30,
BLK,BLACKROCK INC,"2017, 2020, 2021, 2022, 2023, 2024, 2025, 2026",2006-01-31,2026-09-30,
BMY,BRISTOL MYERS SQUIBB CO,"2010, 2011, 2012, 2013, 2014, 2015, 2016, 2017, 2018, 2019, 2020, 2021, 2022, 2023, 2024, 2026",2006-01-31,2026-09-30,
BNY,Bank of New York Mellon Corp.,"2010, 2011, 2014, 2015, 2017",2006-01-31,2026-09-30,
BRK.B,BERKSHIRE HATHAWAY INC CL B,"2010, 2011, 2012, 2013, 2014, 2015, 2016, 2017, 2018, 2019, 2020, 2021, 2022, 2023, 2024, 2025, 2026",2006-01-31,2026-09-30,
BSX,Boston Scientific Corp. ,"2019, 2023, 2024, 2025",2006-01-31,2026-09-30,
BX,"Blackstone, Inc.","2023, 2024, 2025",2007-06-30,2026-09-30,
C,CITIGROUP INC,"2010, 2011, 2012, 2013, 2014, 2015, 2016, 2017, 2018, 2019, 2020, 2021, 2022, 2023, 2024, 2025, 2026",2006-01-31,2026-09-30,
CAT,CATERPILLAR INC,"2010, 2011, 2012, 2013, 2014, 2016, 2017, 2018, 2019, 2020, 2021, 2022, 2023, 2024, 2025, 2026",2006-01-31,2026-09-30,
CB,CHUBB LTD,"2016, 2017, 2018, 2019, 2022, 2023, 2024, 2026",2006-01-31,2026-09-30,
CCI,Crown Castle International Corp. REIT,"2019, 2020",2006-01-31,2026-09-30,
CHTR,"Charter Communications, Inc. Class A","2016, 2017, 2018, 2019, 2020, 2021",2010-01-31,2026-09-30,
CI,Cigna Group,"2019, 2020, 2022, 2023",2006-01-31,2026-09-30,
CL,Colgate-Palmolive Co.,"2010, 2011, 2012, 2013, 2014, 2015, 2016, 2017, 2018, 2019, 2020",2006-01-31,2026-09-30,
CMCSA,Comcast Corp. Class A,"2010, 2011, 2012, 2013, 2014, 2015, 2016, 2017, 2018, 2019, 2020, 2021, 2022, 2023, 2024, 2025",2006-01-31,2026-09-30,
CME,"CME Group, Inc.","2018, 2019",2006-01-31,2026-09-30,
COF,CAPITAL ONE FINANCIAL CORP,"2012, 2013, 2014, 2025, 2026",2006-01-31,2026-09-30,
BAX,"Baxter International, Inc.","2010, 2011, 2012, 2013",2006-01-31,2026-09-30,
BAC,BANK OF AMERICA CORP,"2010, 2011, 2012, 2013, 2014, 2015, 2016, 2017, 2018, 2019, 2020, 2021, 2022, 2023, 2024, 2025, 2026",2006-01-31,2026-09-30,
BA,BOEING CO/THE,"2010, 2011, 2012, 2013, 2014, 2015, 2016, 2017, 2018, 2019, 2020, 2021, 2022, 2023, 2025, 2026",2006-01-31,2026-09-30,
AMD,ADVANCED MICRO DEVICES,"2020, 2021, 2022, 2023, 2024, 2025, 2026",2006-01-31,2026-09-30,
ABT,ABBOTT LABORATORIES,"2010, 2011, 2012, 2013, 2014, 2015, 2016, 2017, 2018, 2019, 2020, 2021, 2022, 2023, 2024, 2025, 2026",2006-01-31,2026-09-30,
ACN,Accenture PLC Class A,"2011, 2012, 2013, 2014, 2015, 2016, 2017, 2018, 2019, 2020, 2021, 2022, 2023, 2024, 2025",2006-01-31,2026-09-30,
ADBE,"Adobe, Inc. ","2015, 2016, 2017, 2018, 2019, 2020, 2021, 2022, 2023, 2024, 2025",2006-01-31,2026-09-30,
ADI,ANALOG DEVICES INC,"2021, 2022, 2023, 2024, 2025, 2026",2006-01-31,2026-09-30,
ADP,"Automatic Data Processing, Inc.","2011, 2018, 2019, 2020, 2021, 2022, 2023, 2024, 2025",2006-01-31,2026-09-30,
AFL,"AFLAC, Inc.",2010,2006-01-31,2026-09-30,
AIG,"American International Group, Inc.","2012, 2013, 2014, 2015, 2016, 2017",2006-01-31,2026-09-30,
AMAT,APPLIED MATERIALS INC,"2017, 2021, 2022, 2023, 2024, 2025, 2026",2006-01-31,2026-09-30,
AMGN,AMGEN INC,"2010, 2011, 2012, 2013, 2014, 2015, 2016, 2017, 2018, 2019, 2020, 2021, 2022, 2023, 2024, 2025, 2026",2006-01-31,2026-09-30,
AXP,AMERICAN EXPRESS CO,"2010, 2011, 2012, 2013, 2014, 2015, 2016, 2017, 2018, 2019, 2020, 2021, 2022, 2023, 2024, 2025, 2026",2006-01-31,2026-09-30,
AMT,American Tower Corp. REIT,"2016, 2017, 2018, 2019, 2020, 2021, 2022, 2023, 2024",2006-01-31,2026-09-30,
AMZN,AMAZON.COM INC,"2010, 2011, 2012, 2013, 2014, 2015, 2016, 2017, 2018, 2019, 2020, 2021, 2022, 2023, 2024, 2025, 2026",2006-01-31,2026-09-30,
ANET,ARISTA NETWORKS INC,"2025, 2026",2014-06-30,2026-09-30,
APA,Apache Corp.,"2010, 2011, 2012",2006-01-31,2026-09-30,
APD,"Air Products & Chemicals, Inc.",2020,2006-01-31,2026-09-30,
APH,AMPHENOL CORP CL A,"2025, 2026",2006-01-31,2026-09-30,
APP,AppLovin Corp. Class A ,2025,2021-04-30,2026-09-30,
AVGO,BROADCOM INC,"2016, 2017, 2018, 2019, 2020, 2021, 2022, 2023, 2024, 2025, 2026",2009-08-31,2026-09-30,
COP,CONOCOPHILLIPS,"2010, 2011, 2012, 2013, 2014, 2015, 2016, 2017, 2018, 2019, 2021, 2022, 2023, 2024, 2025, 2026",2006-01-31,2026-09-30,
CRM,SALESFORCE INC,"2015, 2016, 2017, 2018, 2019, 2020, 2021, 2022, 2023, 2024, 2025, 2026",2006-01-31,2026-09-30,
ISRG,INTUITIVE SURGICAL INC,"2018, 2019, 2020, 2021, 2023, 2024, 2025, 2026",2006-01-31,2026-09-30,
CRWD,CROWDSTRIKE HOLDINGS INC   A,"2025, 2026",2019-06-30,2026-09-30,
FIS,"Fidelity National Information Services, Inc.","2019, 2020",2006-01-31,2026-09-30,
FISV,"Fiserv, Inc.","2019, 2024",2006-01-31,2026-09-30,
GD,General Dynamics Corp.,"2010, 2015, 2016, 2017",2006-01-31,2026-09-30,
GE,GENERAL ELECTRIC,"2010, 2011, 2012, 2013, 2014, 2015, 2016, 2017, 2018, 2019, 2021, 2022, 2023, 2024, 2025, 2026",2006-01-31,2026-09-30,
GEV,GE VERNOVA INC,"2025, 2026",2024-03-31,2026-09-30,
GILD,GILEAD SCIENCES INC,"2010, 2011, 2012, 2013, 2014, 2015, 2016, 2017, 2018, 2019, 2020, 2021, 2022, 2023, 2024, 2025, 2026",2006-01-31,2026-09-30,
GIS,"General Mills, Inc.",2011,2006-01-31,2026-09-30,
GLW,CORNING INC,"2010, 2026",2006-01-31,2026-09-30,
GM,General Motors Co.,"2015, 2017",2010-11-30,2026-09-30,
GOOGL,ALPHABET INC CL A,"2010, 2011, 2012, 2013, 2014, 2015, 2016, 2017, 2018, 2019, 2020, 2021, 2022, 2023, 2024, 2025, 2026",2006-01-31,2026-09-30,
GS,GOLDMAN SACHS GROUP INC,"2010, 2011, 2012, 2013, 2014, 2015, 2016, 2017, 2018, 2019, 2020, 2021, 2022, 2023, 2024, 2025, 2026",2006-01-31,2026-09-30,
HAL,Halliburton Co.,"2010, 2011, 2012, 2013, 2014",2006-01-31,2026-09-30,
HD,HOME DEPOT INC,"2010, 2011, 2012, 2013, 2014, 2015, 2016, 2017, 2018, 2019, 2020, 2021, 2022, 2023, 2024, 2025, 2026",2006-01-31,2026-09-30,
HON,"Honeywell International, Inc.","2010, 2011, 2012, 2013, 2014, 2015, 2016, 2017, 2018, 2019, 2020, 2021, 2022, 2023, 2024, 2025",2006-01-31,2026-09-30,
HOOD,"Robinhood Markets, Inc. Class A ",2025,2021-07-31,2026-09-30,
HPQ,Hewlett-Packard Co.,"2010, 2011, 2012, 2013, 2014, 2015",2006-01-31,2026-09-30,
IBM,INTL BUSINESS MACHINES CORP,"2010, 2011, 2012, 2013, 2014, 2015, 2016, 2017, 2018, 2019, 2020, 2021, 2022, 2023, 2024, 2025, 2026",2006-01-31,2026-09-30,
INTC,INTEL CORP,"2010, 2011, 2012, 2013, 2014, 2015, 2016, 2017, 2018, 2019, 2020, 2021, 2022, 2023, 2024, 2025, 2026",2006-01-31,2026-09-30,
INTU,"Intuit, Inc.","2018, 2019, 2020, 2021, 2022, 2023, 2024, 2025",2006-01-31,2026-09-30,
FDX,FedEx Corp.,"2010, 2017, 2018, 2020",2006-01-31,2026-09-30,
FCX,"Freeport-McMoRan Copper & Gold, Inc.","2010, 2011, 2012",2006-01-31,2026-09-30,
F,Ford Motor Co.,"2010, 2011, 2012, 2013, 2014, 2015, 2016",2006-01-31,2026-09-30,
DHR,DANAHER CORP,"2011, 2012, 2013, 2014, 2015, 2016, 2017, 2018, 2019, 2020, 2021, 2022, 2023, 2024, 2025, 2026",2006-01-31,2026-09-30,
CSCO,CISCO SYSTEMS INC,"2010, 2011, 2012, 2013, 2014, 2015, 2016, 2017, 2018, 2019, 2020, 2021, 2022, 2023, 2024, 2025, 2026",2006-01-31,2026-09-30,
CSX,CSX Corp.,"2018, 2019",2006-01-31,2026-09-30,
CVS,CVS HEALTH CORP,"2010, 2011, 2012, 2013, 2014, 2015, 2016, 2017, 2018, 2019, 2020, 2021, 2022, 2023, 2026",2006-01-31,2026-09-30,
CVX,CHEVRON CORP,"2010, 2011, 2012, 2013, 2014, 2015, 2016, 2017, 2018, 2019, 2020, 2021, 2022, 2023, 2024, 2025, 2026",2006-01-31,2026-09-30,
D,"Dominion Energy, Inc.","2010, 2011, 2012, 2013, 2015, 2016, 2019, 2020",2006-01-31,2026-09-30,
DD,"DowDuPont, Inc.","2010, 2011, 2012, 2013, 2014, 2015, 2016, 2017, 2018",2006-01-31,2026-09-30,
DE,DEERE + CO,"2010, 2011, 2012, 2020, 2021, 2022, 2023, 2024, 2025, 2026",2006-01-31,2026-09-30,
DELL,DELL TECHNOLOGIES  C,2026,2016-08-31,2026-09-30,
DIS,WALT DISNEY CO/THE,"2010, 2011, 2012, 2013, 2014, 2015, 2016, 2017, 2018, 2019, 2020, 2021, 2022, 2023, 2024, 2025, 2026",2006-01-31,2026-09-30,
EXC,Exelon Corp.,"2010, 2011, 2012",2006-01-31,2026-09-30,
DUK,Duke Energy Corp.,"2011, 2012, 2013, 2014, 2015, 2016, 2017, 2019, 2020, 2022",2006-01-31,2026-09-30,
DVN,Devon Energy Corp.,"2010, 2011",2006-01-31,2026-09-30,
EBAY,"eBay, Inc.","2010, 2011, 2012, 2013, 2014",2006-01-31,2026-09-30,
ELV,"Elevance Health, Inc.","2011, 2018, 2019, 2020, 2021, 2022, 2023, 2024",2006-01-31,2026-09-30,
EMR,Emerson Electric Co.,"2010, 2011, 2012, 2013, 2014",2006-01-31,2026-09-30,
EOG,"EOG Resources, Inc.","2013, 2014, 2016, 2017, 2018",2006-01-31,2026-09-30,
EQIX,"Equinix, Inc. REIT",2020,2006-01-31,2026-09-30,
ETN,EATON CORP PLC,"2023, 2024, 2025, 2026",2006-01-31,2026-09-30,
ZTS,"Zoetis, Inc.","2019, 2020, 2021, 2022, 2023",2013-02-28,2026-09-30,
